-- phpMyAdmin SQL Dump
-- version 4.7.4
-- https://www.phpmyadmin.net/
--
-- Host: 127.0.0.1:3306
-- Generation Time: Dec 09, 2018 at 02:09 PM
-- Server version: 5.7.19
-- PHP Version: 7.1.9

SET SQL_MODE = "NO_AUTO_VALUE_ON_ZERO";
SET AUTOCOMMIT = 0;
START TRANSACTION;
SET time_zone = "+00:00";


/*!40101 SET @OLD_CHARACTER_SET_CLIENT=@@CHARACTER_SET_CLIENT */;
/*!40101 SET @OLD_CHARACTER_SET_RESULTS=@@CHARACTER_SET_RESULTS */;
/*!40101 SET @OLD_COLLATION_CONNECTION=@@COLLATION_CONNECTION */;
/*!40101 SET NAMES utf8mb4 */;

--
-- Database: `my_wallet`
--

-- --------------------------------------------------------

--
-- Table structure for table `admin`
--

DROP TABLE IF EXISTS `admin`;
CREATE TABLE IF NOT EXISTS `admin` (
  `id` int(10) UNSIGNED NOT NULL AUTO_INCREMENT,
  `user_id` int(10) UNSIGNED NOT NULL,
  `added_at` datetime NOT NULL,
  `deleted` tinyint(1) UNSIGNED NOT NULL DEFAULT '0',
  `deleted_at` datetime DEFAULT NULL,
  PRIMARY KEY (`id`),
  KEY `kk_admin` (`user_id`)
) ENGINE=InnoDB AUTO_INCREMENT=4 DEFAULT CHARSET=utf8;

--
-- Dumping data for table `admin`
--

INSERT INTO `admin` (`id`, `user_id`, `added_at`, `deleted`, `deleted_at`) VALUES
(1, 1, '2018-12-01 09:51:26', 0, NULL),
(2, 2, '2018-12-02 12:06:02', 1, '2018-12-02 12:14:38'),
(3, 3, '2018-12-02 12:11:11', 1, '2018-12-02 12:12:39');

-- --------------------------------------------------------

--
-- Table structure for table `login_statistics`
--

DROP TABLE IF EXISTS `login_statistics`;
CREATE TABLE IF NOT EXISTS `login_statistics` (
  `id` int(10) UNSIGNED NOT NULL AUTO_INCREMENT,
  `logged_at` date NOT NULL,
  `added_at` datetime NOT NULL,
  `deleted` tinyint(1) NOT NULL DEFAULT '0',
  `deleted_at` datetime DEFAULT NULL,
  PRIMARY KEY (`id`)
) ENGINE=MyISAM AUTO_INCREMENT=2460 DEFAULT CHARSET=utf8;

--
-- Dumping data for table `login_statistics`
--

INSERT INTO `login_statistics` (`id`, `logged_at`, `added_at`, `deleted`, `deleted_at`) VALUES
(1, '2018-05-01', '2018-12-01 09:30:16', 0, NULL),
(2, '2018-05-01', '2018-12-01 09:30:16', 0, NULL),
(3, '2018-05-01', '2018-12-01 09:30:16', 0, NULL),
(4, '2018-05-01', '2018-12-01 09:30:16', 0, NULL),
(5, '2018-05-01', '2018-12-01 09:30:16', 0, NULL),
(6, '2018-05-01', '2018-12-01 09:30:16', 0, NULL),
(7, '2018-05-01', '2018-12-01 09:30:16', 0, NULL),
(8, '2018-05-01', '2018-12-01 09:30:16', 0, NULL),
(9, '2018-05-01', '2018-12-01 09:30:16', 0, NULL),
(10, '2018-05-01', '2018-12-01 09:30:16', 0, NULL),
(11, '2018-05-01', '2018-12-01 09:30:16', 0, NULL),
(12, '2018-05-01', '2018-12-01 09:30:16', 0, NULL),
(13, '2018-05-01', '2018-12-01 09:30:16', 0, NULL),
(14, '2018-05-01', '2018-12-01 09:30:16', 0, NULL),
(15, '2018-05-01', '2018-12-01 09:30:16', 0, NULL),
(16, '2018-05-01', '2018-12-01 09:30:16', 0, NULL),
(17, '2018-05-01', '2018-12-01 09:30:16', 0, NULL),
(18, '2018-05-01', '2018-12-01 09:30:16', 0, NULL),
(19, '2018-05-01', '2018-12-01 09:30:16', 0, NULL),
(20, '2018-05-01', '2018-12-01 09:30:16', 0, NULL),
(21, '2018-05-01', '2018-12-01 09:30:16', 0, NULL),
(22, '2018-05-02', '2018-12-01 09:30:16', 0, NULL),
(23, '2018-05-02', '2018-12-01 09:30:16', 0, NULL),
(24, '2018-05-02', '2018-12-01 09:30:16', 0, NULL),
(25, '2018-05-02', '2018-12-01 09:30:16', 0, NULL),
(26, '2018-05-02', '2018-12-01 09:30:16', 0, NULL),
(27, '2018-05-02', '2018-12-01 09:30:16', 0, NULL),
(28, '2018-05-02', '2018-12-01 09:30:16', 0, NULL),
(29, '2018-05-04', '2018-12-01 09:30:16', 0, NULL),
(30, '2018-05-04', '2018-12-01 09:30:16', 0, NULL),
(31, '2018-05-04', '2018-12-01 09:30:16', 0, NULL),
(32, '2018-05-04', '2018-12-01 09:30:16', 0, NULL),
(33, '2018-05-04', '2018-12-01 09:30:16', 0, NULL),
(34, '2018-05-04', '2018-12-01 09:30:16', 0, NULL),
(35, '2018-05-04', '2018-12-01 09:30:16', 0, NULL),
(36, '2018-05-04', '2018-12-01 09:30:16', 0, NULL),
(37, '2018-05-04', '2018-12-01 09:30:16', 0, NULL),
(38, '2018-05-04', '2018-12-01 09:30:16', 0, NULL),
(39, '2018-05-04', '2018-12-01 09:30:16', 0, NULL),
(40, '2018-05-04', '2018-12-01 09:30:16', 0, NULL),
(41, '2018-05-04', '2018-12-01 09:30:16', 0, NULL),
(42, '2018-05-04', '2018-12-01 09:30:16', 0, NULL),
(43, '2018-05-04', '2018-12-01 09:30:16', 0, NULL),
(44, '2018-05-04', '2018-12-01 09:30:16', 0, NULL),
(45, '2018-05-05', '2018-12-01 09:30:16', 0, NULL),
(46, '2018-05-05', '2018-12-01 09:30:16', 0, NULL),
(47, '2018-05-05', '2018-12-01 09:30:16', 0, NULL),
(48, '2018-05-05', '2018-12-01 09:30:16', 0, NULL),
(49, '2018-05-05', '2018-12-01 09:30:16', 0, NULL),
(50, '2018-05-05', '2018-12-01 09:30:16', 0, NULL),
(51, '2018-05-05', '2018-12-01 09:30:16', 0, NULL),
(52, '2018-05-05', '2018-12-01 09:30:16', 0, NULL),
(53, '2018-05-05', '2018-12-01 09:30:16', 0, NULL),
(54, '2018-05-05', '2018-12-01 09:30:16', 0, NULL),
(55, '2018-05-05', '2018-12-01 09:30:16', 0, NULL),
(56, '2018-05-05', '2018-12-01 09:30:16', 0, NULL),
(57, '2018-05-05', '2018-12-01 09:30:16', 0, NULL),
(58, '2018-05-05', '2018-12-01 09:30:16', 0, NULL),
(59, '2018-05-05', '2018-12-01 09:30:16', 0, NULL),
(60, '2018-05-06', '2018-12-01 09:30:16', 0, NULL),
(61, '2018-05-06', '2018-12-01 09:30:16', 0, NULL),
(62, '2018-05-06', '2018-12-01 09:30:16', 0, NULL),
(63, '2018-05-06', '2018-12-01 09:30:16', 0, NULL),
(64, '2018-05-06', '2018-12-01 09:30:16', 0, NULL),
(65, '2018-05-06', '2018-12-01 09:30:16', 0, NULL),
(66, '2018-05-06', '2018-12-01 09:30:16', 0, NULL),
(67, '2018-05-06', '2018-12-01 09:30:16', 0, NULL),
(68, '2018-05-06', '2018-12-01 09:30:16', 0, NULL),
(69, '2018-05-06', '2018-12-01 09:30:16', 0, NULL),
(70, '2018-05-06', '2018-12-01 09:30:16', 0, NULL),
(71, '2018-05-06', '2018-12-01 09:30:16', 0, NULL),
(72, '2018-05-06', '2018-12-01 09:30:16', 0, NULL),
(73, '2018-05-06', '2018-12-01 09:30:16', 0, NULL),
(74, '2018-05-06', '2018-12-01 09:30:16', 0, NULL),
(75, '2018-05-06', '2018-12-01 09:30:16', 0, NULL),
(76, '2018-05-06', '2018-12-01 09:30:16', 0, NULL),
(77, '2018-05-07', '2018-12-01 09:30:16', 0, NULL),
(78, '2018-05-07', '2018-12-01 09:30:16', 0, NULL),
(79, '2018-05-07', '2018-12-01 09:30:16', 0, NULL),
(80, '2018-05-07', '2018-12-01 09:30:16', 0, NULL),
(81, '2018-05-08', '2018-12-01 09:30:16', 0, NULL),
(82, '2018-05-08', '2018-12-01 09:30:16', 0, NULL),
(83, '2018-05-08', '2018-12-01 09:30:16', 0, NULL),
(84, '2018-05-08', '2018-12-01 09:30:16', 0, NULL),
(85, '2018-05-08', '2018-12-01 09:30:16', 0, NULL),
(86, '2018-05-08', '2018-12-01 09:30:16', 0, NULL),
(87, '2018-05-08', '2018-12-01 09:30:16', 0, NULL),
(88, '2018-05-08', '2018-12-01 09:30:16', 0, NULL),
(89, '2018-05-08', '2018-12-01 09:30:16', 0, NULL),
(90, '2018-05-09', '2018-12-01 09:30:16', 0, NULL),
(91, '2018-05-09', '2018-12-01 09:30:16', 0, NULL),
(92, '2018-05-09', '2018-12-01 09:30:16', 0, NULL),
(93, '2018-05-09', '2018-12-01 09:30:16', 0, NULL),
(94, '2018-05-09', '2018-12-01 09:30:16', 0, NULL),
(95, '2018-05-09', '2018-12-01 09:30:16', 0, NULL),
(96, '2018-05-09', '2018-12-01 09:30:16', 0, NULL),
(97, '2018-05-09', '2018-12-01 09:30:16', 0, NULL),
(98, '2018-05-09', '2018-12-01 09:30:16', 0, NULL),
(99, '2018-05-09', '2018-12-01 09:30:16', 0, NULL),
(100, '2018-05-09', '2018-12-01 09:30:16', 0, NULL),
(101, '2018-05-09', '2018-12-01 09:30:16', 0, NULL),
(102, '2018-05-09', '2018-12-01 09:30:16', 0, NULL),
(103, '2018-05-09', '2018-12-01 09:30:16', 0, NULL),
(104, '2018-05-09', '2018-12-01 09:30:16', 0, NULL),
(105, '2018-05-09', '2018-12-01 09:30:16', 0, NULL),
(106, '2018-05-09', '2018-12-01 09:30:16', 0, NULL),
(107, '2018-05-09', '2018-12-01 09:30:16', 0, NULL),
(108, '2018-05-09', '2018-12-01 09:30:16', 0, NULL),
(109, '2018-05-09', '2018-12-01 09:30:16', 0, NULL),
(110, '2018-05-09', '2018-12-01 09:30:16', 0, NULL),
(111, '2018-05-10', '2018-12-01 09:30:16', 0, NULL),
(112, '2018-05-10', '2018-12-01 09:30:16', 0, NULL),
(113, '2018-05-10', '2018-12-01 09:30:16', 0, NULL),
(114, '2018-05-10', '2018-12-01 09:30:16', 0, NULL),
(115, '2018-05-10', '2018-12-01 09:30:16', 0, NULL),
(116, '2018-05-10', '2018-12-01 09:30:16', 0, NULL),
(117, '2018-05-10', '2018-12-01 09:30:16', 0, NULL),
(118, '2018-05-10', '2018-12-01 09:30:16', 0, NULL),
(119, '2018-05-10', '2018-12-01 09:30:16', 0, NULL),
(120, '2018-05-10', '2018-12-01 09:30:16', 0, NULL),
(121, '2018-05-10', '2018-12-01 09:30:16', 0, NULL),
(122, '2018-05-11', '2018-12-01 09:30:16', 0, NULL),
(123, '2018-05-11', '2018-12-01 09:30:16', 0, NULL),
(124, '2018-05-11', '2018-12-01 09:30:16', 0, NULL),
(125, '2018-05-11', '2018-12-01 09:30:16', 0, NULL),
(126, '2018-05-11', '2018-12-01 09:30:16', 0, NULL),
(127, '2018-05-11', '2018-12-01 09:30:16', 0, NULL),
(128, '2018-05-11', '2018-12-01 09:30:16', 0, NULL),
(129, '2018-05-11', '2018-12-01 09:30:16', 0, NULL),
(130, '2018-05-11', '2018-12-01 09:30:16', 0, NULL),
(131, '2018-05-11', '2018-12-01 09:30:16', 0, NULL),
(132, '2018-05-11', '2018-12-01 09:30:16', 0, NULL),
(133, '2018-05-11', '2018-12-01 09:30:16', 0, NULL),
(134, '2018-05-12', '2018-12-01 09:30:16', 0, NULL),
(135, '2018-05-12', '2018-12-01 09:30:16', 0, NULL),
(136, '2018-05-12', '2018-12-01 09:30:16', 0, NULL),
(137, '2018-05-12', '2018-12-01 09:30:16', 0, NULL),
(138, '2018-05-12', '2018-12-01 09:30:16', 0, NULL),
(139, '2018-05-12', '2018-12-01 09:30:16', 0, NULL),
(140, '2018-05-12', '2018-12-01 09:30:16', 0, NULL),
(141, '2018-05-12', '2018-12-01 09:30:16', 0, NULL),
(142, '2018-05-12', '2018-12-01 09:30:16', 0, NULL),
(143, '2018-05-12', '2018-12-01 09:30:16', 0, NULL),
(144, '2018-05-13', '2018-12-01 09:30:16', 0, NULL),
(145, '2018-05-13', '2018-12-01 09:30:16', 0, NULL),
(146, '2018-05-13', '2018-12-01 09:30:16', 0, NULL),
(147, '2018-05-13', '2018-12-01 09:30:16', 0, NULL),
(148, '2018-05-13', '2018-12-01 09:30:16', 0, NULL),
(149, '2018-05-13', '2018-12-01 09:30:16', 0, NULL),
(150, '2018-05-13', '2018-12-01 09:30:16', 0, NULL),
(151, '2018-05-13', '2018-12-01 09:30:16', 0, NULL),
(152, '2018-05-13', '2018-12-01 09:30:16', 0, NULL),
(153, '2018-05-13', '2018-12-01 09:30:16', 0, NULL),
(154, '2018-05-13', '2018-12-01 09:30:16', 0, NULL),
(155, '2018-05-15', '2018-12-01 09:30:16', 0, NULL),
(156, '2018-05-15', '2018-12-01 09:30:16', 0, NULL),
(157, '2018-05-15', '2018-12-01 09:30:16', 0, NULL),
(158, '2018-05-15', '2018-12-01 09:30:16', 0, NULL),
(159, '2018-05-15', '2018-12-01 09:30:16', 0, NULL),
(160, '2018-05-15', '2018-12-01 09:30:16', 0, NULL),
(161, '2018-05-15', '2018-12-01 09:30:16', 0, NULL),
(162, '2018-05-15', '2018-12-01 09:30:16', 0, NULL),
(163, '2018-05-15', '2018-12-01 09:30:16', 0, NULL),
(164, '2018-05-15', '2018-12-01 09:30:16', 0, NULL),
(165, '2018-05-15', '2018-12-01 09:30:16', 0, NULL),
(166, '2018-05-15', '2018-12-01 09:30:16', 0, NULL),
(167, '2018-05-15', '2018-12-01 09:30:16', 0, NULL),
(168, '2018-05-15', '2018-12-01 09:30:16', 0, NULL),
(169, '2018-05-16', '2018-12-01 09:30:16', 0, NULL),
(170, '2018-05-16', '2018-12-01 09:30:16', 0, NULL),
(171, '2018-05-16', '2018-12-01 09:30:16', 0, NULL),
(172, '2018-05-16', '2018-12-01 09:30:16', 0, NULL),
(173, '2018-05-16', '2018-12-01 09:30:16', 0, NULL),
(174, '2018-05-16', '2018-12-01 09:30:16', 0, NULL),
(175, '2018-05-16', '2018-12-01 09:30:16', 0, NULL),
(176, '2018-05-16', '2018-12-01 09:30:16', 0, NULL),
(177, '2018-05-16', '2018-12-01 09:30:16', 0, NULL),
(178, '2018-05-16', '2018-12-01 09:30:16', 0, NULL),
(179, '2018-05-16', '2018-12-01 09:30:16', 0, NULL),
(180, '2018-05-17', '2018-12-01 09:30:16', 0, NULL),
(181, '2018-05-17', '2018-12-01 09:30:16', 0, NULL),
(182, '2018-05-17', '2018-12-01 09:30:16', 0, NULL),
(183, '2018-05-17', '2018-12-01 09:30:16', 0, NULL),
(184, '2018-05-17', '2018-12-01 09:30:16', 0, NULL),
(185, '2018-05-17', '2018-12-01 09:30:16', 0, NULL),
(186, '2018-05-17', '2018-12-01 09:30:16', 0, NULL),
(187, '2018-05-17', '2018-12-01 09:30:16', 0, NULL),
(188, '2018-05-17', '2018-12-01 09:30:16', 0, NULL),
(189, '2018-05-17', '2018-12-01 09:30:16', 0, NULL),
(190, '2018-05-17', '2018-12-01 09:30:16', 0, NULL),
(191, '2018-05-17', '2018-12-01 09:30:16', 0, NULL),
(192, '2018-05-17', '2018-12-01 09:30:16', 0, NULL),
(193, '2018-05-17', '2018-12-01 09:30:16', 0, NULL),
(194, '2018-05-17', '2018-12-01 09:30:16', 0, NULL),
(195, '2018-05-17', '2018-12-01 09:30:16', 0, NULL),
(196, '2018-05-17', '2018-12-01 09:30:16', 0, NULL),
(197, '2018-05-17', '2018-12-01 09:30:16', 0, NULL),
(198, '2018-05-17', '2018-12-01 09:30:16', 0, NULL),
(199, '2018-05-17', '2018-12-01 09:30:16', 0, NULL),
(200, '2018-05-17', '2018-12-01 09:30:16', 0, NULL),
(201, '2018-05-17', '2018-12-01 09:30:16', 0, NULL),
(202, '2018-05-17', '2018-12-01 09:30:16', 0, NULL),
(203, '2018-05-17', '2018-12-01 09:30:16', 0, NULL),
(204, '2018-05-17', '2018-12-01 09:30:16', 0, NULL),
(205, '2018-05-18', '2018-12-01 09:30:16', 0, NULL),
(206, '2018-05-18', '2018-12-01 09:30:16', 0, NULL),
(207, '2018-05-18', '2018-12-01 09:30:16', 0, NULL),
(208, '2018-05-18', '2018-12-01 09:30:16', 0, NULL),
(209, '2018-05-18', '2018-12-01 09:30:16', 0, NULL),
(210, '2018-05-18', '2018-12-01 09:30:16', 0, NULL),
(211, '2018-05-18', '2018-12-01 09:30:16', 0, NULL),
(212, '2018-05-18', '2018-12-01 09:30:16', 0, NULL),
(213, '2018-05-18', '2018-12-01 09:30:16', 0, NULL),
(214, '2018-05-19', '2018-12-01 09:30:16', 0, NULL),
(215, '2018-05-19', '2018-12-01 09:30:16', 0, NULL),
(216, '2018-05-19', '2018-12-01 09:30:16', 0, NULL),
(217, '2018-05-19', '2018-12-01 09:30:16', 0, NULL),
(218, '2018-05-19', '2018-12-01 09:30:16', 0, NULL),
(219, '2018-05-20', '2018-12-01 09:30:16', 0, NULL),
(220, '2018-05-20', '2018-12-01 09:30:16', 0, NULL),
(221, '2018-05-20', '2018-12-01 09:30:16', 0, NULL),
(222, '2018-05-20', '2018-12-01 09:30:16', 0, NULL),
(223, '2018-05-20', '2018-12-01 09:30:16', 0, NULL),
(224, '2018-05-20', '2018-12-01 09:30:16', 0, NULL),
(225, '2018-05-20', '2018-12-01 09:30:16', 0, NULL),
(226, '2018-05-20', '2018-12-01 09:30:16', 0, NULL),
(227, '2018-05-20', '2018-12-01 09:30:16', 0, NULL),
(228, '2018-05-20', '2018-12-01 09:30:16', 0, NULL),
(229, '2018-05-20', '2018-12-01 09:30:16', 0, NULL),
(230, '2018-05-20', '2018-12-01 09:30:16', 0, NULL),
(231, '2018-05-20', '2018-12-01 09:30:16', 0, NULL),
(232, '2018-05-20', '2018-12-01 09:30:16', 0, NULL),
(233, '2018-05-20', '2018-12-01 09:30:16', 0, NULL),
(234, '2018-05-20', '2018-12-01 09:30:16', 0, NULL),
(235, '2018-05-20', '2018-12-01 09:30:16', 0, NULL),
(236, '2018-05-20', '2018-12-01 09:30:16', 0, NULL),
(237, '2018-05-20', '2018-12-01 09:30:16', 0, NULL),
(238, '2018-05-20', '2018-12-01 09:30:16', 0, NULL),
(239, '2018-05-20', '2018-12-01 09:30:16', 0, NULL),
(240, '2018-05-21', '2018-12-01 09:30:16', 0, NULL),
(241, '2018-05-21', '2018-12-01 09:30:16', 0, NULL),
(242, '2018-05-21', '2018-12-01 09:30:16', 0, NULL),
(243, '2018-05-21', '2018-12-01 09:30:16', 0, NULL),
(244, '2018-05-21', '2018-12-01 09:30:16', 0, NULL),
(245, '2018-05-21', '2018-12-01 09:30:16', 0, NULL),
(246, '2018-05-21', '2018-12-01 09:30:16', 0, NULL),
(247, '2018-05-21', '2018-12-01 09:30:16', 0, NULL),
(248, '2018-05-21', '2018-12-01 09:30:16', 0, NULL),
(249, '2018-05-21', '2018-12-01 09:30:16', 0, NULL),
(250, '2018-05-21', '2018-12-01 09:30:16', 0, NULL),
(251, '2018-05-22', '2018-12-01 09:30:16', 0, NULL),
(252, '2018-05-22', '2018-12-01 09:30:16', 0, NULL),
(253, '2018-05-22', '2018-12-01 09:30:16', 0, NULL),
(254, '2018-05-22', '2018-12-01 09:30:16', 0, NULL),
(255, '2018-05-22', '2018-12-01 09:30:16', 0, NULL),
(256, '2018-05-22', '2018-12-01 09:30:16', 0, NULL),
(257, '2018-05-22', '2018-12-01 09:30:16', 0, NULL),
(258, '2018-05-22', '2018-12-01 09:30:16', 0, NULL),
(259, '2018-05-22', '2018-12-01 09:30:16', 0, NULL),
(260, '2018-05-22', '2018-12-01 09:30:16', 0, NULL),
(261, '2018-05-22', '2018-12-01 09:30:16', 0, NULL),
(262, '2018-05-22', '2018-12-01 09:30:16', 0, NULL),
(263, '2018-05-22', '2018-12-01 09:30:16', 0, NULL),
(264, '2018-05-22', '2018-12-01 09:30:16', 0, NULL),
(265, '2018-05-22', '2018-12-01 09:30:16', 0, NULL),
(266, '2018-05-22', '2018-12-01 09:30:16', 0, NULL),
(267, '2018-05-22', '2018-12-01 09:30:16', 0, NULL),
(268, '2018-05-22', '2018-12-01 09:30:16', 0, NULL),
(269, '2018-05-22', '2018-12-01 09:30:16', 0, NULL),
(270, '2018-05-22', '2018-12-01 09:30:16', 0, NULL),
(271, '2018-05-23', '2018-12-01 09:30:16', 0, NULL),
(272, '2018-05-23', '2018-12-01 09:30:16', 0, NULL),
(273, '2018-05-24', '2018-12-01 09:30:16', 0, NULL),
(274, '2018-05-24', '2018-12-01 09:30:16', 0, NULL),
(275, '2018-05-24', '2018-12-01 09:30:16', 0, NULL),
(276, '2018-05-24', '2018-12-01 09:30:16', 0, NULL),
(277, '2018-05-24', '2018-12-01 09:30:16', 0, NULL),
(278, '2018-05-24', '2018-12-01 09:30:16', 0, NULL),
(279, '2018-05-24', '2018-12-01 09:30:16', 0, NULL),
(280, '2018-05-24', '2018-12-01 09:30:16', 0, NULL),
(281, '2018-05-25', '2018-12-01 09:30:16', 0, NULL),
(282, '2018-05-25', '2018-12-01 09:30:16', 0, NULL),
(283, '2018-05-25', '2018-12-01 09:30:16', 0, NULL),
(284, '2018-05-25', '2018-12-01 09:30:16', 0, NULL),
(285, '2018-05-25', '2018-12-01 09:30:16', 0, NULL),
(286, '2018-05-25', '2018-12-01 09:30:16', 0, NULL),
(287, '2018-05-25', '2018-12-01 09:30:16', 0, NULL),
(288, '2018-05-25', '2018-12-01 09:30:16', 0, NULL),
(289, '2018-05-25', '2018-12-01 09:30:16', 0, NULL),
(290, '2018-05-25', '2018-12-01 09:30:16', 0, NULL),
(291, '2018-05-25', '2018-12-01 09:30:16', 0, NULL),
(292, '2018-05-25', '2018-12-01 09:30:16', 0, NULL),
(293, '2018-05-26', '2018-12-01 09:30:16', 0, NULL),
(294, '2018-05-26', '2018-12-01 09:30:16', 0, NULL),
(295, '2018-05-26', '2018-12-01 09:30:16', 0, NULL),
(296, '2018-05-26', '2018-12-01 09:30:16', 0, NULL),
(297, '2018-05-26', '2018-12-01 09:30:16', 0, NULL),
(298, '2018-05-26', '2018-12-01 09:30:16', 0, NULL),
(299, '2018-05-26', '2018-12-01 09:30:16', 0, NULL),
(300, '2018-05-26', '2018-12-01 09:30:16', 0, NULL),
(301, '2018-05-26', '2018-12-01 09:30:16', 0, NULL),
(302, '2018-05-26', '2018-12-01 09:30:16', 0, NULL),
(303, '2018-05-26', '2018-12-01 09:30:16', 0, NULL),
(304, '2018-05-26', '2018-12-01 09:30:16', 0, NULL),
(305, '2018-05-26', '2018-12-01 09:30:16', 0, NULL),
(306, '2018-05-26', '2018-12-01 09:30:16', 0, NULL),
(307, '2018-05-26', '2018-12-01 09:30:16', 0, NULL),
(308, '2018-05-26', '2018-12-01 09:30:16', 0, NULL),
(309, '2018-05-26', '2018-12-01 09:30:16', 0, NULL),
(310, '2018-05-26', '2018-12-01 09:30:16', 0, NULL),
(311, '2018-05-26', '2018-12-01 09:30:16', 0, NULL),
(312, '2018-05-26', '2018-12-01 09:30:16', 0, NULL),
(313, '2018-05-26', '2018-12-01 09:30:16', 0, NULL),
(314, '2018-05-27', '2018-12-01 09:30:16', 0, NULL),
(315, '2018-05-27', '2018-12-01 09:30:16', 0, NULL),
(316, '2018-05-27', '2018-12-01 09:30:16', 0, NULL),
(317, '2018-05-27', '2018-12-01 09:30:16', 0, NULL),
(318, '2018-05-27', '2018-12-01 09:30:16', 0, NULL),
(319, '2018-05-27', '2018-12-01 09:30:16', 0, NULL),
(320, '2018-05-27', '2018-12-01 09:30:16', 0, NULL),
(321, '2018-05-27', '2018-12-01 09:30:16', 0, NULL),
(322, '2018-05-27', '2018-12-01 09:30:16', 0, NULL),
(323, '2018-05-27', '2018-12-01 09:30:16', 0, NULL),
(324, '2018-05-27', '2018-12-01 09:30:16', 0, NULL),
(325, '2018-05-27', '2018-12-01 09:30:16', 0, NULL),
(326, '2018-05-27', '2018-12-01 09:30:16', 0, NULL),
(327, '2018-05-27', '2018-12-01 09:30:16', 0, NULL),
(328, '2018-05-27', '2018-12-01 09:30:16', 0, NULL),
(329, '2018-05-27', '2018-12-01 09:30:16', 0, NULL),
(330, '2018-05-27', '2018-12-01 09:30:16', 0, NULL),
(331, '2018-05-27', '2018-12-01 09:30:16', 0, NULL),
(332, '2018-05-27', '2018-12-01 09:30:16', 0, NULL),
(333, '2018-05-27', '2018-12-01 09:30:16', 0, NULL),
(334, '2018-05-27', '2018-12-01 09:30:16', 0, NULL),
(335, '2018-05-27', '2018-12-01 09:30:16', 0, NULL),
(336, '2018-05-27', '2018-12-01 09:30:16', 0, NULL),
(337, '2018-05-27', '2018-12-01 09:30:16', 0, NULL),
(338, '2018-05-27', '2018-12-01 09:30:16', 0, NULL),
(339, '2018-05-28', '2018-12-01 09:30:16', 0, NULL),
(340, '2018-05-28', '2018-12-01 09:30:16', 0, NULL),
(341, '2018-05-28', '2018-12-01 09:30:16', 0, NULL),
(342, '2018-05-28', '2018-12-01 09:30:16', 0, NULL),
(343, '2018-05-28', '2018-12-01 09:30:16', 0, NULL),
(344, '2018-05-28', '2018-12-01 09:30:16', 0, NULL),
(345, '2018-05-28', '2018-12-01 09:30:16', 0, NULL),
(346, '2018-05-28', '2018-12-01 09:30:16', 0, NULL),
(347, '2018-05-28', '2018-12-01 09:30:16', 0, NULL),
(348, '2018-05-28', '2018-12-01 09:30:16', 0, NULL),
(349, '2018-05-28', '2018-12-01 09:30:16', 0, NULL),
(350, '2018-05-28', '2018-12-01 09:30:16', 0, NULL),
(351, '2018-05-29', '2018-12-01 09:30:16', 0, NULL),
(352, '2018-05-29', '2018-12-01 09:30:16', 0, NULL),
(353, '2018-05-29', '2018-12-01 09:30:16', 0, NULL),
(354, '2018-05-29', '2018-12-01 09:30:16', 0, NULL),
(355, '2018-05-29', '2018-12-01 09:30:16', 0, NULL),
(356, '2018-05-30', '2018-12-01 09:30:16', 0, NULL),
(357, '2018-05-30', '2018-12-01 09:30:16', 0, NULL),
(358, '2018-05-30', '2018-12-01 09:30:16', 0, NULL),
(359, '2018-05-30', '2018-12-01 09:30:16', 0, NULL),
(360, '2018-05-31', '2018-12-01 09:30:16', 0, NULL),
(361, '2018-06-01', '2018-12-01 09:30:16', 0, NULL),
(362, '2018-06-01', '2018-12-01 09:30:16', 0, NULL),
(363, '2018-06-01', '2018-12-01 09:30:16', 0, NULL),
(364, '2018-06-01', '2018-12-01 09:30:16', 0, NULL),
(365, '2018-06-01', '2018-12-01 09:30:16', 0, NULL),
(366, '2018-06-01', '2018-12-01 09:30:16', 0, NULL),
(367, '2018-06-01', '2018-12-01 09:30:16', 0, NULL),
(368, '2018-06-02', '2018-12-01 09:30:16', 0, NULL),
(369, '2018-06-02', '2018-12-01 09:30:16', 0, NULL),
(370, '2018-06-02', '2018-12-01 09:30:16', 0, NULL),
(371, '2018-06-02', '2018-12-01 09:30:16', 0, NULL),
(372, '2018-06-02', '2018-12-01 09:30:16', 0, NULL),
(373, '2018-06-02', '2018-12-01 09:30:16', 0, NULL),
(374, '2018-06-02', '2018-12-01 09:30:16', 0, NULL),
(375, '2018-06-02', '2018-12-01 09:30:16', 0, NULL),
(376, '2018-06-02', '2018-12-01 09:30:16', 0, NULL),
(377, '2018-06-02', '2018-12-01 09:30:16', 0, NULL),
(378, '2018-06-02', '2018-12-01 09:30:16', 0, NULL),
(379, '2018-06-02', '2018-12-01 09:30:16', 0, NULL),
(380, '2018-06-02', '2018-12-01 09:30:16', 0, NULL),
(381, '2018-06-02', '2018-12-01 09:30:16', 0, NULL),
(382, '2018-06-02', '2018-12-01 09:30:16', 0, NULL),
(383, '2018-06-02', '2018-12-01 09:30:16', 0, NULL),
(384, '2018-06-03', '2018-12-01 09:30:16', 0, NULL),
(385, '2018-06-03', '2018-12-01 09:30:16', 0, NULL),
(386, '2018-06-03', '2018-12-01 09:30:16', 0, NULL),
(387, '2018-06-03', '2018-12-01 09:30:16', 0, NULL),
(388, '2018-06-03', '2018-12-01 09:30:16', 0, NULL),
(389, '2018-06-03', '2018-12-01 09:30:16', 0, NULL),
(390, '2018-06-03', '2018-12-01 09:30:16', 0, NULL),
(391, '2018-06-03', '2018-12-01 09:30:16', 0, NULL),
(392, '2018-06-03', '2018-12-01 09:30:16', 0, NULL),
(393, '2018-06-03', '2018-12-01 09:30:16', 0, NULL),
(394, '2018-06-03', '2018-12-01 09:30:16', 0, NULL),
(395, '2018-06-03', '2018-12-01 09:30:16', 0, NULL),
(396, '2018-06-03', '2018-12-01 09:30:16', 0, NULL),
(397, '2018-06-03', '2018-12-01 09:30:16', 0, NULL),
(398, '2018-06-03', '2018-12-01 09:30:16', 0, NULL),
(399, '2018-06-03', '2018-12-01 09:30:16', 0, NULL),
(400, '2018-06-03', '2018-12-01 09:30:16', 0, NULL),
(401, '2018-06-03', '2018-12-01 09:30:16', 0, NULL),
(402, '2018-06-03', '2018-12-01 09:30:16', 0, NULL),
(403, '2018-06-04', '2018-12-01 09:30:16', 0, NULL),
(404, '2018-06-04', '2018-12-01 09:30:16', 0, NULL),
(405, '2018-06-04', '2018-12-01 09:30:16', 0, NULL),
(406, '2018-06-04', '2018-12-01 09:30:16', 0, NULL),
(407, '2018-06-04', '2018-12-01 09:30:16', 0, NULL),
(408, '2018-06-04', '2018-12-01 09:30:16', 0, NULL),
(409, '2018-06-04', '2018-12-01 09:30:16', 0, NULL),
(410, '2018-06-04', '2018-12-01 09:30:16', 0, NULL),
(411, '2018-06-04', '2018-12-01 09:30:16', 0, NULL),
(412, '2018-06-04', '2018-12-01 09:30:16', 0, NULL),
(413, '2018-06-04', '2018-12-01 09:30:16', 0, NULL),
(414, '2018-06-04', '2018-12-01 09:30:16', 0, NULL),
(415, '2018-06-04', '2018-12-01 09:30:16', 0, NULL),
(416, '2018-06-04', '2018-12-01 09:30:16', 0, NULL),
(417, '2018-06-04', '2018-12-01 09:30:16', 0, NULL),
(418, '2018-06-04', '2018-12-01 09:30:16', 0, NULL),
(419, '2018-06-04', '2018-12-01 09:30:16', 0, NULL),
(420, '2018-06-04', '2018-12-01 09:30:16', 0, NULL),
(421, '2018-06-04', '2018-12-01 09:30:16', 0, NULL),
(422, '2018-06-04', '2018-12-01 09:30:16', 0, NULL),
(423, '2018-06-04', '2018-12-01 09:30:16', 0, NULL),
(424, '2018-06-04', '2018-12-01 09:30:16', 0, NULL),
(425, '2018-06-05', '2018-12-01 09:30:16', 0, NULL),
(426, '2018-06-05', '2018-12-01 09:30:16', 0, NULL),
(427, '2018-06-05', '2018-12-01 09:30:16', 0, NULL),
(428, '2018-06-05', '2018-12-01 09:30:16', 0, NULL),
(429, '2018-06-05', '2018-12-01 09:30:16', 0, NULL),
(430, '2018-06-05', '2018-12-01 09:30:16', 0, NULL),
(431, '2018-06-05', '2018-12-01 09:30:16', 0, NULL),
(432, '2018-06-05', '2018-12-01 09:30:16', 0, NULL),
(433, '2018-06-05', '2018-12-01 09:30:16', 0, NULL),
(434, '2018-06-05', '2018-12-01 09:30:16', 0, NULL),
(435, '2018-06-06', '2018-12-01 09:30:16', 0, NULL),
(436, '2018-06-06', '2018-12-01 09:30:16', 0, NULL),
(437, '2018-06-06', '2018-12-01 09:30:16', 0, NULL),
(438, '2018-06-06', '2018-12-01 09:30:16', 0, NULL),
(439, '2018-06-06', '2018-12-01 09:30:16', 0, NULL),
(440, '2018-06-06', '2018-12-01 09:30:16', 0, NULL),
(441, '2018-06-06', '2018-12-01 09:30:16', 0, NULL),
(442, '2018-06-06', '2018-12-01 09:30:16', 0, NULL),
(443, '2018-06-06', '2018-12-01 09:30:16', 0, NULL),
(444, '2018-06-06', '2018-12-01 09:30:16', 0, NULL),
(445, '2018-06-06', '2018-12-01 09:30:16', 0, NULL),
(446, '2018-06-06', '2018-12-01 09:30:16', 0, NULL),
(447, '2018-06-06', '2018-12-01 09:30:16', 0, NULL),
(448, '2018-06-06', '2018-12-01 09:30:16', 0, NULL),
(449, '2018-06-06', '2018-12-01 09:30:16', 0, NULL),
(450, '2018-06-06', '2018-12-01 09:30:16', 0, NULL),
(451, '2018-06-06', '2018-12-01 09:30:16', 0, NULL),
(452, '2018-06-06', '2018-12-01 09:30:16', 0, NULL),
(453, '2018-06-07', '2018-12-01 09:30:16', 0, NULL),
(454, '2018-06-07', '2018-12-01 09:30:16', 0, NULL),
(455, '2018-06-07', '2018-12-01 09:30:16', 0, NULL),
(456, '2018-06-07', '2018-12-01 09:30:16', 0, NULL),
(457, '2018-06-07', '2018-12-01 09:30:16', 0, NULL),
(458, '2018-06-07', '2018-12-01 09:30:16', 0, NULL),
(459, '2018-06-07', '2018-12-01 09:30:16', 0, NULL),
(460, '2018-06-07', '2018-12-01 09:30:16', 0, NULL),
(461, '2018-06-07', '2018-12-01 09:30:16', 0, NULL),
(462, '2018-06-07', '2018-12-01 09:30:16', 0, NULL),
(463, '2018-06-07', '2018-12-01 09:30:16', 0, NULL),
(464, '2018-06-07', '2018-12-01 09:30:16', 0, NULL),
(465, '2018-06-07', '2018-12-01 09:30:16', 0, NULL),
(466, '2018-06-07', '2018-12-01 09:30:16', 0, NULL),
(467, '2018-06-07', '2018-12-01 09:30:16', 0, NULL),
(468, '2018-06-07', '2018-12-01 09:30:16', 0, NULL),
(469, '2018-06-07', '2018-12-01 09:30:16', 0, NULL),
(470, '2018-06-07', '2018-12-01 09:30:16', 0, NULL),
(471, '2018-06-07', '2018-12-01 09:30:16', 0, NULL),
(472, '2018-06-07', '2018-12-01 09:30:16', 0, NULL),
(473, '2018-06-07', '2018-12-01 09:30:16', 0, NULL),
(474, '2018-06-07', '2018-12-01 09:30:16', 0, NULL),
(475, '2018-06-07', '2018-12-01 09:30:16', 0, NULL),
(476, '2018-06-08', '2018-12-01 09:30:16', 0, NULL),
(477, '2018-06-08', '2018-12-01 09:30:16', 0, NULL),
(478, '2018-06-08', '2018-12-01 09:30:16', 0, NULL),
(479, '2018-06-08', '2018-12-01 09:30:16', 0, NULL),
(480, '2018-06-08', '2018-12-01 09:30:16', 0, NULL),
(481, '2018-06-08', '2018-12-01 09:30:16', 0, NULL),
(482, '2018-06-08', '2018-12-01 09:30:16', 0, NULL),
(483, '2018-06-08', '2018-12-01 09:30:16', 0, NULL),
(484, '2018-06-09', '2018-12-01 09:30:16', 0, NULL),
(485, '2018-06-09', '2018-12-01 09:30:16', 0, NULL),
(486, '2018-06-09', '2018-12-01 09:30:16', 0, NULL),
(487, '2018-06-09', '2018-12-01 09:30:16', 0, NULL),
(488, '2018-06-09', '2018-12-01 09:30:16', 0, NULL),
(489, '2018-06-09', '2018-12-01 09:30:16', 0, NULL),
(490, '2018-06-09', '2018-12-01 09:30:16', 0, NULL),
(491, '2018-06-09', '2018-12-01 09:30:16', 0, NULL),
(492, '2018-06-09', '2018-12-01 09:30:16', 0, NULL),
(493, '2018-06-09', '2018-12-01 09:30:16', 0, NULL),
(494, '2018-06-09', '2018-12-01 09:30:16', 0, NULL),
(495, '2018-06-09', '2018-12-01 09:30:16', 0, NULL),
(496, '2018-06-09', '2018-12-01 09:30:16', 0, NULL),
(497, '2018-06-09', '2018-12-01 09:30:16', 0, NULL),
(498, '2018-06-09', '2018-12-01 09:30:16', 0, NULL),
(499, '2018-06-09', '2018-12-01 09:30:16', 0, NULL),
(500, '2018-06-09', '2018-12-01 09:30:16', 0, NULL),
(501, '2018-06-09', '2018-12-01 09:30:16', 0, NULL),
(502, '2018-06-09', '2018-12-01 09:30:16', 0, NULL),
(503, '2018-06-10', '2018-12-01 09:30:16', 0, NULL),
(504, '2018-06-12', '2018-12-01 09:30:16', 0, NULL),
(505, '2018-06-12', '2018-12-01 09:30:16', 0, NULL),
(506, '2018-06-12', '2018-12-01 09:30:16', 0, NULL),
(507, '2018-06-13', '2018-12-01 09:30:16', 0, NULL),
(508, '2018-06-13', '2018-12-01 09:30:16', 0, NULL),
(509, '2018-06-13', '2018-12-01 09:30:16', 0, NULL),
(510, '2018-06-13', '2018-12-01 09:30:16', 0, NULL),
(511, '2018-06-13', '2018-12-01 09:30:16', 0, NULL),
(512, '2018-06-13', '2018-12-01 09:30:16', 0, NULL),
(513, '2018-06-13', '2018-12-01 09:30:16', 0, NULL),
(514, '2018-06-13', '2018-12-01 09:30:16', 0, NULL),
(515, '2018-06-14', '2018-12-01 09:30:16', 0, NULL),
(516, '2018-06-14', '2018-12-01 09:30:16', 0, NULL),
(517, '2018-06-14', '2018-12-01 09:30:16', 0, NULL),
(518, '2018-06-14', '2018-12-01 09:30:16', 0, NULL),
(519, '2018-06-14', '2018-12-01 09:30:16', 0, NULL),
(520, '2018-06-14', '2018-12-01 09:30:16', 0, NULL),
(521, '2018-06-14', '2018-12-01 09:30:16', 0, NULL),
(522, '2018-06-14', '2018-12-01 09:30:16', 0, NULL),
(523, '2018-06-14', '2018-12-01 09:30:16', 0, NULL),
(524, '2018-06-14', '2018-12-01 09:30:16', 0, NULL),
(525, '2018-06-14', '2018-12-01 09:30:16', 0, NULL),
(526, '2018-06-14', '2018-12-01 09:30:16', 0, NULL),
(527, '2018-06-14', '2018-12-01 09:30:16', 0, NULL),
(528, '2018-06-14', '2018-12-01 09:30:16', 0, NULL),
(529, '2018-06-14', '2018-12-01 09:30:16', 0, NULL),
(530, '2018-06-14', '2018-12-01 09:30:16', 0, NULL),
(531, '2018-06-14', '2018-12-01 09:30:16', 0, NULL),
(532, '2018-06-14', '2018-12-01 09:30:16', 0, NULL),
(533, '2018-06-14', '2018-12-01 09:30:16', 0, NULL),
(534, '2018-06-14', '2018-12-01 09:30:16', 0, NULL),
(535, '2018-06-14', '2018-12-01 09:30:16', 0, NULL),
(536, '2018-06-14', '2018-12-01 09:30:16', 0, NULL),
(537, '2018-06-15', '2018-12-01 09:30:16', 0, NULL),
(538, '2018-06-15', '2018-12-01 09:30:16', 0, NULL),
(539, '2018-06-15', '2018-12-01 09:30:16', 0, NULL),
(540, '2018-06-15', '2018-12-01 09:30:16', 0, NULL),
(541, '2018-06-15', '2018-12-01 09:30:16', 0, NULL),
(542, '2018-06-15', '2018-12-01 09:30:16', 0, NULL),
(543, '2018-06-15', '2018-12-01 09:30:16', 0, NULL),
(544, '2018-06-15', '2018-12-01 09:30:16', 0, NULL),
(545, '2018-06-15', '2018-12-01 09:30:16', 0, NULL),
(546, '2018-06-15', '2018-12-01 09:30:16', 0, NULL),
(547, '2018-06-15', '2018-12-01 09:30:16', 0, NULL),
(548, '2018-06-15', '2018-12-01 09:30:16', 0, NULL),
(549, '2018-06-15', '2018-12-01 09:30:16', 0, NULL),
(550, '2018-06-15', '2018-12-01 09:30:16', 0, NULL),
(551, '2018-06-15', '2018-12-01 09:30:16', 0, NULL),
(552, '2018-06-15', '2018-12-01 09:30:16', 0, NULL),
(553, '2018-06-15', '2018-12-01 09:30:16', 0, NULL),
(554, '2018-06-15', '2018-12-01 09:30:16', 0, NULL),
(555, '2018-06-15', '2018-12-01 09:30:16', 0, NULL),
(556, '2018-06-15', '2018-12-01 09:30:16', 0, NULL),
(557, '2018-06-15', '2018-12-01 09:30:16', 0, NULL),
(558, '2018-06-16', '2018-12-01 09:30:16', 0, NULL),
(559, '2018-06-16', '2018-12-01 09:30:16', 0, NULL),
(560, '2018-06-16', '2018-12-01 09:30:16', 0, NULL),
(561, '2018-06-16', '2018-12-01 09:30:16', 0, NULL),
(562, '2018-06-16', '2018-12-01 09:30:16', 0, NULL),
(563, '2018-06-16', '2018-12-01 09:30:16', 0, NULL),
(564, '2018-06-16', '2018-12-01 09:30:16', 0, NULL),
(565, '2018-06-16', '2018-12-01 09:30:16', 0, NULL),
(566, '2018-06-16', '2018-12-01 09:30:16', 0, NULL),
(567, '2018-06-16', '2018-12-01 09:30:16', 0, NULL),
(568, '2018-06-16', '2018-12-01 09:30:16', 0, NULL),
(569, '2018-06-17', '2018-12-01 09:30:16', 0, NULL),
(570, '2018-06-18', '2018-12-01 09:30:16', 0, NULL),
(571, '2018-06-18', '2018-12-01 09:30:16', 0, NULL),
(572, '2018-06-18', '2018-12-01 09:30:16', 0, NULL),
(573, '2018-06-18', '2018-12-01 09:30:16', 0, NULL),
(574, '2018-06-18', '2018-12-01 09:30:16', 0, NULL),
(575, '2018-06-18', '2018-12-01 09:30:16', 0, NULL),
(576, '2018-06-18', '2018-12-01 09:30:16', 0, NULL),
(577, '2018-06-18', '2018-12-01 09:30:16', 0, NULL),
(578, '2018-06-18', '2018-12-01 09:30:16', 0, NULL),
(579, '2018-06-18', '2018-12-01 09:30:16', 0, NULL),
(580, '2018-06-18', '2018-12-01 09:30:16', 0, NULL),
(581, '2018-06-18', '2018-12-01 09:30:16', 0, NULL),
(582, '2018-06-18', '2018-12-01 09:30:16', 0, NULL),
(583, '2018-06-18', '2018-12-01 09:30:16', 0, NULL),
(584, '2018-06-18', '2018-12-01 09:30:16', 0, NULL),
(585, '2018-06-18', '2018-12-01 09:30:16', 0, NULL),
(586, '2018-06-18', '2018-12-01 09:30:16', 0, NULL),
(587, '2018-06-18', '2018-12-01 09:30:16', 0, NULL),
(588, '2018-06-18', '2018-12-01 09:30:16', 0, NULL),
(589, '2018-06-18', '2018-12-01 09:30:16', 0, NULL),
(590, '2018-06-18', '2018-12-01 09:30:16', 0, NULL),
(591, '2018-06-19', '2018-12-01 09:30:16', 0, NULL),
(592, '2018-06-19', '2018-12-01 09:30:16', 0, NULL),
(593, '2018-06-19', '2018-12-01 09:30:16', 0, NULL),
(594, '2018-06-19', '2018-12-01 09:30:16', 0, NULL),
(595, '2018-06-19', '2018-12-01 09:30:16', 0, NULL),
(596, '2018-06-19', '2018-12-01 09:30:16', 0, NULL),
(597, '2018-06-19', '2018-12-01 09:30:16', 0, NULL),
(598, '2018-06-19', '2018-12-01 09:30:16', 0, NULL),
(599, '2018-06-20', '2018-12-01 09:30:16', 0, NULL),
(600, '2018-06-20', '2018-12-01 09:30:16', 0, NULL),
(601, '2018-06-20', '2018-12-01 09:30:16', 0, NULL),
(602, '2018-06-20', '2018-12-01 09:30:16', 0, NULL),
(603, '2018-06-20', '2018-12-01 09:30:16', 0, NULL),
(604, '2018-06-21', '2018-12-01 09:30:16', 0, NULL),
(605, '2018-06-21', '2018-12-01 09:30:16', 0, NULL),
(606, '2018-06-21', '2018-12-01 09:30:16', 0, NULL),
(607, '2018-06-21', '2018-12-01 09:30:16', 0, NULL),
(608, '2018-06-21', '2018-12-01 09:30:16', 0, NULL),
(609, '2018-06-21', '2018-12-01 09:30:16', 0, NULL),
(610, '2018-06-21', '2018-12-01 09:30:16', 0, NULL),
(611, '2018-06-21', '2018-12-01 09:30:16', 0, NULL),
(612, '2018-06-21', '2018-12-01 09:30:16', 0, NULL),
(613, '2018-06-21', '2018-12-01 09:30:16', 0, NULL),
(614, '2018-06-21', '2018-12-01 09:30:16', 0, NULL),
(615, '2018-06-21', '2018-12-01 09:30:16', 0, NULL),
(616, '2018-06-21', '2018-12-01 09:30:16', 0, NULL),
(617, '2018-06-21', '2018-12-01 09:30:16', 0, NULL),
(618, '2018-06-21', '2018-12-01 09:30:16', 0, NULL),
(619, '2018-06-21', '2018-12-01 09:30:16', 0, NULL),
(620, '2018-06-21', '2018-12-01 09:30:16', 0, NULL),
(621, '2018-06-21', '2018-12-01 09:30:16', 0, NULL),
(622, '2018-06-21', '2018-12-01 09:30:16', 0, NULL),
(623, '2018-06-22', '2018-12-01 09:30:16', 0, NULL),
(624, '2018-06-22', '2018-12-01 09:30:16', 0, NULL),
(625, '2018-06-22', '2018-12-01 09:30:16', 0, NULL),
(626, '2018-06-22', '2018-12-01 09:30:16', 0, NULL),
(627, '2018-06-22', '2018-12-01 09:30:16', 0, NULL),
(628, '2018-06-22', '2018-12-01 09:30:16', 0, NULL),
(629, '2018-06-22', '2018-12-01 09:30:16', 0, NULL),
(630, '2018-06-22', '2018-12-01 09:30:16', 0, NULL),
(631, '2018-06-22', '2018-12-01 09:30:16', 0, NULL),
(632, '2018-06-22', '2018-12-01 09:30:16', 0, NULL),
(633, '2018-06-22', '2018-12-01 09:30:16', 0, NULL),
(634, '2018-06-22', '2018-12-01 09:30:16', 0, NULL),
(635, '2018-06-22', '2018-12-01 09:30:16', 0, NULL),
(636, '2018-06-22', '2018-12-01 09:30:16', 0, NULL),
(637, '2018-06-23', '2018-12-01 09:30:16', 0, NULL),
(638, '2018-06-23', '2018-12-01 09:30:16', 0, NULL),
(639, '2018-06-23', '2018-12-01 09:30:16', 0, NULL),
(640, '2018-06-23', '2018-12-01 09:30:16', 0, NULL),
(641, '2018-06-23', '2018-12-01 09:30:16', 0, NULL),
(642, '2018-06-23', '2018-12-01 09:30:16', 0, NULL),
(643, '2018-06-23', '2018-12-01 09:30:16', 0, NULL),
(644, '2018-06-23', '2018-12-01 09:30:16', 0, NULL),
(645, '2018-06-23', '2018-12-01 09:30:16', 0, NULL),
(646, '2018-06-23', '2018-12-01 09:30:16', 0, NULL),
(647, '2018-06-23', '2018-12-01 09:30:16', 0, NULL),
(648, '2018-06-23', '2018-12-01 09:30:16', 0, NULL),
(649, '2018-06-23', '2018-12-01 09:30:16', 0, NULL),
(650, '2018-06-23', '2018-12-01 09:30:16', 0, NULL),
(651, '2018-06-24', '2018-12-01 09:30:16', 0, NULL),
(652, '2018-06-24', '2018-12-01 09:30:16', 0, NULL),
(653, '2018-06-24', '2018-12-01 09:30:16', 0, NULL),
(654, '2018-06-24', '2018-12-01 09:30:16', 0, NULL),
(655, '2018-06-24', '2018-12-01 09:30:16', 0, NULL),
(656, '2018-06-25', '2018-12-01 09:30:16', 0, NULL),
(657, '2018-06-25', '2018-12-01 09:30:16', 0, NULL),
(658, '2018-06-25', '2018-12-01 09:30:16', 0, NULL),
(659, '2018-06-25', '2018-12-01 09:30:16', 0, NULL),
(660, '2018-06-25', '2018-12-01 09:30:16', 0, NULL),
(661, '2018-06-25', '2018-12-01 09:30:16', 0, NULL),
(662, '2018-06-25', '2018-12-01 09:30:16', 0, NULL),
(663, '2018-06-25', '2018-12-01 09:30:16', 0, NULL),
(664, '2018-06-25', '2018-12-01 09:30:16', 0, NULL),
(665, '2018-06-25', '2018-12-01 09:30:16', 0, NULL),
(666, '2018-06-25', '2018-12-01 09:30:16', 0, NULL),
(667, '2018-06-25', '2018-12-01 09:30:16', 0, NULL),
(668, '2018-06-25', '2018-12-01 09:30:16', 0, NULL),
(669, '2018-06-26', '2018-12-01 09:30:16', 0, NULL),
(670, '2018-06-26', '2018-12-01 09:30:16', 0, NULL),
(671, '2018-06-27', '2018-12-01 09:30:16', 0, NULL),
(672, '2018-06-27', '2018-12-01 09:30:16', 0, NULL),
(673, '2018-06-27', '2018-12-01 09:30:16', 0, NULL),
(674, '2018-06-27', '2018-12-01 09:30:16', 0, NULL),
(675, '2018-06-27', '2018-12-01 09:30:16', 0, NULL),
(676, '2018-06-27', '2018-12-01 09:30:16', 0, NULL),
(677, '2018-06-27', '2018-12-01 09:30:16', 0, NULL),
(678, '2018-06-27', '2018-12-01 09:30:16', 0, NULL),
(679, '2018-06-27', '2018-12-01 09:30:16', 0, NULL),
(680, '2018-06-27', '2018-12-01 09:30:16', 0, NULL),
(681, '2018-06-27', '2018-12-01 09:30:16', 0, NULL),
(682, '2018-06-27', '2018-12-01 09:30:16', 0, NULL),
(683, '2018-06-27', '2018-12-01 09:30:16', 0, NULL),
(684, '2018-06-28', '2018-12-01 09:30:16', 0, NULL),
(685, '2018-06-28', '2018-12-01 09:30:16', 0, NULL),
(686, '2018-06-28', '2018-12-01 09:30:16', 0, NULL),
(687, '2018-06-28', '2018-12-01 09:30:16', 0, NULL),
(688, '2018-06-28', '2018-12-01 09:30:16', 0, NULL),
(689, '2018-06-28', '2018-12-01 09:30:16', 0, NULL),
(690, '2018-06-28', '2018-12-01 09:30:16', 0, NULL),
(691, '2018-06-28', '2018-12-01 09:30:16', 0, NULL),
(692, '2018-06-28', '2018-12-01 09:30:16', 0, NULL),
(693, '2018-06-28', '2018-12-01 09:30:16', 0, NULL),
(694, '2018-06-28', '2018-12-01 09:30:16', 0, NULL),
(695, '2018-06-28', '2018-12-01 09:30:16', 0, NULL),
(696, '2018-06-28', '2018-12-01 09:30:16', 0, NULL),
(697, '2018-06-28', '2018-12-01 09:30:16', 0, NULL),
(698, '2018-06-29', '2018-12-01 09:30:16', 0, NULL),
(699, '2018-06-29', '2018-12-01 09:30:16', 0, NULL),
(700, '2018-06-29', '2018-12-01 09:30:16', 0, NULL),
(701, '2018-06-29', '2018-12-01 09:30:16', 0, NULL),
(702, '2018-06-29', '2018-12-01 09:30:16', 0, NULL),
(703, '2018-06-29', '2018-12-01 09:30:16', 0, NULL),
(704, '2018-06-29', '2018-12-01 09:30:16', 0, NULL),
(705, '2018-06-29', '2018-12-01 09:30:16', 0, NULL),
(706, '2018-06-29', '2018-12-01 09:30:16', 0, NULL),
(707, '2018-06-29', '2018-12-01 09:30:16', 0, NULL),
(708, '2018-06-29', '2018-12-01 09:30:16', 0, NULL),
(709, '2018-06-29', '2018-12-01 09:30:16', 0, NULL),
(710, '2018-06-29', '2018-12-01 09:30:16', 0, NULL),
(711, '2018-06-29', '2018-12-01 09:30:16', 0, NULL),
(712, '2018-06-29', '2018-12-01 09:30:16', 0, NULL),
(713, '2018-06-29', '2018-12-01 09:30:16', 0, NULL),
(714, '2018-06-30', '2018-12-01 09:30:16', 0, NULL),
(715, '2018-06-30', '2018-12-01 09:30:16', 0, NULL),
(716, '2018-06-30', '2018-12-01 09:30:16', 0, NULL),
(717, '2018-06-30', '2018-12-01 09:30:16', 0, NULL),
(718, '2018-06-30', '2018-12-01 09:30:16', 0, NULL),
(719, '2018-06-30', '2018-12-01 09:30:16', 0, NULL),
(720, '2018-06-30', '2018-12-01 09:30:16', 0, NULL),
(721, '2018-06-30', '2018-12-01 09:30:16', 0, NULL),
(722, '2018-06-30', '2018-12-01 09:30:16', 0, NULL),
(723, '2018-06-30', '2018-12-01 09:30:16', 0, NULL),
(724, '2018-06-30', '2018-12-01 09:30:16', 0, NULL),
(725, '2018-06-30', '2018-12-01 09:30:16', 0, NULL),
(726, '2018-06-30', '2018-12-01 09:30:16', 0, NULL),
(727, '2018-06-30', '2018-12-01 09:30:16', 0, NULL),
(728, '2018-07-01', '2018-12-01 09:30:16', 0, NULL),
(729, '2018-07-01', '2018-12-01 09:30:16', 0, NULL),
(730, '2018-07-01', '2018-12-01 09:30:16', 0, NULL),
(731, '2018-07-01', '2018-12-01 09:30:16', 0, NULL),
(732, '2018-07-01', '2018-12-01 09:30:16', 0, NULL),
(733, '2018-07-01', '2018-12-01 09:30:16', 0, NULL),
(734, '2018-07-01', '2018-12-01 09:30:16', 0, NULL),
(735, '2018-07-01', '2018-12-01 09:30:16', 0, NULL),
(736, '2018-07-01', '2018-12-01 09:30:16', 0, NULL),
(737, '2018-07-01', '2018-12-01 09:30:16', 0, NULL),
(738, '2018-07-01', '2018-12-01 09:30:16', 0, NULL),
(739, '2018-07-01', '2018-12-01 09:30:16', 0, NULL),
(740, '2018-07-01', '2018-12-01 09:30:16', 0, NULL),
(741, '2018-07-01', '2018-12-01 09:30:16', 0, NULL),
(742, '2018-07-01', '2018-12-01 09:30:16', 0, NULL),
(743, '2018-07-01', '2018-12-01 09:30:16', 0, NULL),
(744, '2018-07-01', '2018-12-01 09:30:16', 0, NULL),
(745, '2018-07-01', '2018-12-01 09:30:16', 0, NULL),
(746, '2018-07-01', '2018-12-01 09:30:16', 0, NULL),
(747, '2018-07-02', '2018-12-01 09:30:16', 0, NULL),
(748, '2018-07-02', '2018-12-01 09:30:16', 0, NULL),
(749, '2018-07-02', '2018-12-01 09:30:16', 0, NULL),
(750, '2018-07-02', '2018-12-01 09:30:16', 0, NULL),
(751, '2018-07-02', '2018-12-01 09:30:16', 0, NULL),
(752, '2018-07-02', '2018-12-01 09:30:16', 0, NULL),
(753, '2018-07-02', '2018-12-01 09:30:16', 0, NULL),
(754, '2018-07-02', '2018-12-01 09:30:16', 0, NULL),
(755, '2018-07-02', '2018-12-01 09:30:16', 0, NULL),
(756, '2018-07-03', '2018-12-01 09:30:16', 0, NULL),
(757, '2018-07-03', '2018-12-01 09:30:16', 0, NULL),
(758, '2018-07-03', '2018-12-01 09:30:16', 0, NULL),
(759, '2018-07-03', '2018-12-01 09:30:16', 0, NULL),
(760, '2018-07-03', '2018-12-01 09:30:16', 0, NULL),
(761, '2018-07-03', '2018-12-01 09:30:16', 0, NULL),
(762, '2018-07-03', '2018-12-01 09:30:16', 0, NULL),
(763, '2018-07-03', '2018-12-01 09:30:16', 0, NULL),
(764, '2018-07-05', '2018-12-01 09:30:16', 0, NULL),
(765, '2018-07-05', '2018-12-01 09:30:16', 0, NULL),
(766, '2018-07-05', '2018-12-01 09:30:16', 0, NULL),
(767, '2018-07-06', '2018-12-01 09:30:16', 0, NULL),
(768, '2018-07-06', '2018-12-01 09:30:16', 0, NULL),
(769, '2018-07-06', '2018-12-01 09:30:16', 0, NULL),
(770, '2018-07-06', '2018-12-01 09:30:16', 0, NULL),
(771, '2018-07-07', '2018-12-01 09:30:16', 0, NULL),
(772, '2018-07-07', '2018-12-01 09:30:16', 0, NULL),
(773, '2018-07-07', '2018-12-01 09:30:16', 0, NULL),
(774, '2018-07-07', '2018-12-01 09:30:16', 0, NULL),
(775, '2018-07-07', '2018-12-01 09:30:16', 0, NULL),
(776, '2018-07-07', '2018-12-01 09:30:16', 0, NULL),
(777, '2018-07-08', '2018-12-01 09:30:16', 0, NULL),
(778, '2018-07-08', '2018-12-01 09:30:16', 0, NULL),
(779, '2018-07-08', '2018-12-01 09:30:16', 0, NULL),
(780, '2018-07-08', '2018-12-01 09:30:16', 0, NULL),
(781, '2018-07-08', '2018-12-01 09:30:16', 0, NULL),
(782, '2018-07-08', '2018-12-01 09:30:16', 0, NULL),
(783, '2018-07-08', '2018-12-01 09:30:16', 0, NULL),
(784, '2018-07-08', '2018-12-01 09:30:16', 0, NULL),
(785, '2018-07-09', '2018-12-01 09:30:16', 0, NULL),
(786, '2018-07-09', '2018-12-01 09:30:16', 0, NULL),
(787, '2018-07-09', '2018-12-01 09:30:16', 0, NULL),
(788, '2018-07-09', '2018-12-01 09:30:16', 0, NULL),
(789, '2018-07-09', '2018-12-01 09:30:16', 0, NULL),
(790, '2018-07-09', '2018-12-01 09:30:16', 0, NULL),
(791, '2018-07-09', '2018-12-01 09:30:16', 0, NULL),
(792, '2018-07-09', '2018-12-01 09:30:16', 0, NULL),
(793, '2018-07-09', '2018-12-01 09:30:16', 0, NULL),
(794, '2018-07-09', '2018-12-01 09:30:16', 0, NULL),
(795, '2018-07-09', '2018-12-01 09:30:16', 0, NULL),
(796, '2018-07-09', '2018-12-01 09:30:16', 0, NULL),
(797, '2018-07-09', '2018-12-01 09:30:16', 0, NULL),
(798, '2018-07-09', '2018-12-01 09:30:16', 0, NULL),
(799, '2018-07-09', '2018-12-01 09:30:16', 0, NULL),
(800, '2018-07-09', '2018-12-01 09:30:16', 0, NULL),
(801, '2018-07-09', '2018-12-01 09:30:16', 0, NULL),
(802, '2018-07-09', '2018-12-01 09:30:16', 0, NULL),
(803, '2018-07-09', '2018-12-01 09:30:16', 0, NULL),
(804, '2018-07-10', '2018-12-01 09:30:16', 0, NULL),
(805, '2018-07-10', '2018-12-01 09:30:16', 0, NULL),
(806, '2018-07-10', '2018-12-01 09:30:16', 0, NULL),
(807, '2018-07-10', '2018-12-01 09:30:16', 0, NULL),
(808, '2018-07-10', '2018-12-01 09:30:16', 0, NULL),
(809, '2018-07-10', '2018-12-01 09:30:16', 0, NULL),
(810, '2018-07-10', '2018-12-01 09:30:16', 0, NULL),
(811, '2018-07-10', '2018-12-01 09:30:16', 0, NULL),
(812, '2018-07-10', '2018-12-01 09:30:16', 0, NULL),
(813, '2018-07-10', '2018-12-01 09:30:16', 0, NULL),
(814, '2018-07-10', '2018-12-01 09:30:16', 0, NULL),
(815, '2018-07-10', '2018-12-01 09:30:16', 0, NULL),
(816, '2018-07-10', '2018-12-01 09:30:16', 0, NULL),
(817, '2018-07-10', '2018-12-01 09:30:16', 0, NULL),
(818, '2018-07-10', '2018-12-01 09:30:16', 0, NULL),
(819, '2018-07-10', '2018-12-01 09:30:16', 0, NULL),
(820, '2018-07-10', '2018-12-01 09:30:16', 0, NULL),
(821, '2018-07-10', '2018-12-01 09:30:16', 0, NULL),
(822, '2018-07-10', '2018-12-01 09:30:16', 0, NULL),
(823, '2018-07-10', '2018-12-01 09:30:16', 0, NULL),
(824, '2018-07-10', '2018-12-01 09:30:16', 0, NULL),
(825, '2018-07-10', '2018-12-01 09:30:16', 0, NULL),
(826, '2018-07-10', '2018-12-01 09:30:16', 0, NULL),
(827, '2018-07-10', '2018-12-01 09:30:16', 0, NULL),
(828, '2018-07-10', '2018-12-01 09:30:16', 0, NULL),
(829, '2018-07-11', '2018-12-01 09:30:16', 0, NULL),
(830, '2018-07-11', '2018-12-01 09:30:16', 0, NULL),
(831, '2018-07-11', '2018-12-01 09:30:16', 0, NULL),
(832, '2018-07-11', '2018-12-01 09:30:16', 0, NULL),
(833, '2018-07-11', '2018-12-01 09:30:16', 0, NULL),
(834, '2018-07-12', '2018-12-01 09:30:16', 0, NULL),
(835, '2018-07-12', '2018-12-01 09:30:16', 0, NULL),
(836, '2018-07-12', '2018-12-01 09:30:16', 0, NULL),
(837, '2018-07-12', '2018-12-01 09:30:16', 0, NULL),
(838, '2018-07-12', '2018-12-01 09:30:16', 0, NULL),
(839, '2018-07-12', '2018-12-01 09:30:16', 0, NULL),
(840, '2018-07-12', '2018-12-01 09:30:16', 0, NULL),
(841, '2018-07-12', '2018-12-01 09:30:16', 0, NULL),
(842, '2018-07-12', '2018-12-01 09:30:16', 0, NULL),
(843, '2018-07-12', '2018-12-01 09:30:16', 0, NULL),
(844, '2018-07-12', '2018-12-01 09:30:16', 0, NULL),
(845, '2018-07-12', '2018-12-01 09:30:16', 0, NULL),
(846, '2018-07-12', '2018-12-01 09:30:16', 0, NULL),
(847, '2018-07-12', '2018-12-01 09:30:16', 0, NULL),
(848, '2018-07-12', '2018-12-01 09:30:16', 0, NULL),
(849, '2018-07-12', '2018-12-01 09:30:16', 0, NULL),
(850, '2018-07-13', '2018-12-01 09:30:16', 0, NULL),
(851, '2018-07-13', '2018-12-01 09:30:16', 0, NULL),
(852, '2018-07-13', '2018-12-01 09:30:16', 0, NULL),
(853, '2018-07-13', '2018-12-01 09:30:16', 0, NULL),
(854, '2018-07-13', '2018-12-01 09:30:16', 0, NULL),
(855, '2018-07-13', '2018-12-01 09:30:16', 0, NULL),
(856, '2018-07-13', '2018-12-01 09:30:16', 0, NULL),
(857, '2018-07-13', '2018-12-01 09:30:16', 0, NULL),
(858, '2018-07-13', '2018-12-01 09:30:16', 0, NULL),
(859, '2018-07-13', '2018-12-01 09:30:16', 0, NULL),
(860, '2018-07-14', '2018-12-01 09:30:16', 0, NULL),
(861, '2018-07-14', '2018-12-01 09:30:16', 0, NULL),
(862, '2018-07-14', '2018-12-01 09:30:16', 0, NULL),
(863, '2018-07-14', '2018-12-01 09:30:16', 0, NULL),
(864, '2018-07-14', '2018-12-01 09:30:16', 0, NULL),
(865, '2018-07-14', '2018-12-01 09:30:16', 0, NULL),
(866, '2018-07-14', '2018-12-01 09:30:16', 0, NULL),
(867, '2018-07-14', '2018-12-01 09:30:16', 0, NULL),
(868, '2018-07-14', '2018-12-01 09:30:16', 0, NULL),
(869, '2018-07-15', '2018-12-01 09:30:16', 0, NULL),
(870, '2018-07-15', '2018-12-01 09:30:16', 0, NULL),
(871, '2018-07-15', '2018-12-01 09:30:16', 0, NULL),
(872, '2018-07-15', '2018-12-01 09:30:16', 0, NULL),
(873, '2018-07-15', '2018-12-01 09:30:16', 0, NULL),
(874, '2018-07-15', '2018-12-01 09:30:16', 0, NULL),
(875, '2018-07-15', '2018-12-01 09:30:16', 0, NULL),
(876, '2018-07-15', '2018-12-01 09:30:16', 0, NULL),
(877, '2018-07-15', '2018-12-01 09:30:16', 0, NULL),
(878, '2018-07-15', '2018-12-01 09:30:16', 0, NULL),
(879, '2018-07-15', '2018-12-01 09:30:16', 0, NULL),
(880, '2018-07-15', '2018-12-01 09:30:16', 0, NULL),
(881, '2018-07-15', '2018-12-01 09:30:16', 0, NULL),
(882, '2018-07-15', '2018-12-01 09:30:16', 0, NULL),
(883, '2018-07-15', '2018-12-01 09:30:16', 0, NULL),
(884, '2018-07-15', '2018-12-01 09:30:16', 0, NULL),
(885, '2018-07-15', '2018-12-01 09:30:16', 0, NULL),
(886, '2018-07-15', '2018-12-01 09:30:16', 0, NULL),
(887, '2018-07-15', '2018-12-01 09:30:16', 0, NULL),
(888, '2018-07-15', '2018-12-01 09:30:16', 0, NULL),
(889, '2018-07-15', '2018-12-01 09:30:16', 0, NULL),
(890, '2018-07-15', '2018-12-01 09:30:16', 0, NULL),
(891, '2018-07-15', '2018-12-01 09:30:16', 0, NULL),
(892, '2018-07-16', '2018-12-01 09:30:16', 0, NULL),
(893, '2018-07-16', '2018-12-01 09:30:16', 0, NULL),
(894, '2018-07-16', '2018-12-01 09:30:16', 0, NULL),
(895, '2018-07-16', '2018-12-01 09:30:16', 0, NULL),
(896, '2018-07-16', '2018-12-01 09:30:16', 0, NULL),
(897, '2018-07-16', '2018-12-01 09:30:16', 0, NULL),
(898, '2018-07-16', '2018-12-01 09:30:16', 0, NULL),
(899, '2018-07-16', '2018-12-01 09:30:16', 0, NULL),
(900, '2018-07-16', '2018-12-01 09:30:16', 0, NULL),
(901, '2018-07-17', '2018-12-01 09:30:16', 0, NULL),
(902, '2018-07-17', '2018-12-01 09:30:16', 0, NULL),
(903, '2018-07-18', '2018-12-01 09:30:16', 0, NULL),
(904, '2018-07-18', '2018-12-01 09:30:16', 0, NULL),
(905, '2018-07-18', '2018-12-01 09:30:16', 0, NULL),
(906, '2018-07-19', '2018-12-01 09:30:16', 0, NULL),
(907, '2018-07-19', '2018-12-01 09:30:16', 0, NULL),
(908, '2018-07-19', '2018-12-01 09:30:16', 0, NULL),
(909, '2018-07-19', '2018-12-01 09:30:16', 0, NULL),
(910, '2018-07-19', '2018-12-01 09:30:16', 0, NULL),
(911, '2018-07-19', '2018-12-01 09:30:16', 0, NULL),
(912, '2018-07-19', '2018-12-01 09:30:16', 0, NULL),
(913, '2018-07-19', '2018-12-01 09:30:16', 0, NULL),
(914, '2018-07-19', '2018-12-01 09:30:16', 0, NULL),
(915, '2018-07-19', '2018-12-01 09:30:16', 0, NULL),
(916, '2018-07-19', '2018-12-01 09:30:16', 0, NULL),
(917, '2018-07-19', '2018-12-01 09:30:16', 0, NULL),
(918, '2018-07-19', '2018-12-01 09:30:16', 0, NULL),
(919, '2018-07-19', '2018-12-01 09:30:16', 0, NULL),
(920, '2018-07-19', '2018-12-01 09:30:16', 0, NULL),
(921, '2018-07-19', '2018-12-01 09:30:16', 0, NULL),
(922, '2018-07-19', '2018-12-01 09:30:16', 0, NULL),
(923, '2018-07-19', '2018-12-01 09:30:16', 0, NULL),
(924, '2018-07-19', '2018-12-01 09:30:16', 0, NULL),
(925, '2018-07-19', '2018-12-01 09:30:16', 0, NULL),
(926, '2018-07-19', '2018-12-01 09:30:16', 0, NULL),
(927, '2018-07-19', '2018-12-01 09:30:16', 0, NULL),
(928, '2018-07-19', '2018-12-01 09:30:16', 0, NULL),
(929, '2018-07-20', '2018-12-01 09:30:16', 0, NULL),
(930, '2018-07-20', '2018-12-01 09:30:16', 0, NULL),
(931, '2018-07-21', '2018-12-01 09:30:16', 0, NULL),
(932, '2018-07-21', '2018-12-01 09:30:16', 0, NULL),
(933, '2018-07-21', '2018-12-01 09:30:16', 0, NULL),
(934, '2018-07-21', '2018-12-01 09:30:16', 0, NULL),
(935, '2018-07-21', '2018-12-01 09:30:16', 0, NULL),
(936, '2018-07-21', '2018-12-01 09:30:16', 0, NULL),
(937, '2018-07-21', '2018-12-01 09:30:16', 0, NULL),
(938, '2018-07-21', '2018-12-01 09:30:16', 0, NULL),
(939, '2018-07-21', '2018-12-01 09:30:16', 0, NULL),
(940, '2018-07-21', '2018-12-01 09:30:16', 0, NULL),
(941, '2018-07-21', '2018-12-01 09:30:16', 0, NULL),
(942, '2018-07-21', '2018-12-01 09:30:16', 0, NULL),
(943, '2018-07-21', '2018-12-01 09:30:16', 0, NULL),
(944, '2018-07-22', '2018-12-01 09:30:16', 0, NULL),
(945, '2018-07-22', '2018-12-01 09:30:16', 0, NULL),
(946, '2018-07-22', '2018-12-01 09:30:16', 0, NULL),
(947, '2018-07-22', '2018-12-01 09:30:16', 0, NULL),
(948, '2018-07-22', '2018-12-01 09:30:16', 0, NULL),
(949, '2018-07-22', '2018-12-01 09:30:16', 0, NULL),
(950, '2018-07-22', '2018-12-01 09:30:16', 0, NULL),
(951, '2018-07-22', '2018-12-01 09:30:16', 0, NULL),
(952, '2018-07-22', '2018-12-01 09:30:16', 0, NULL),
(953, '2018-07-22', '2018-12-01 09:30:16', 0, NULL),
(954, '2018-07-22', '2018-12-01 09:30:16', 0, NULL),
(955, '2018-07-22', '2018-12-01 09:30:16', 0, NULL),
(956, '2018-07-22', '2018-12-01 09:30:16', 0, NULL),
(957, '2018-07-22', '2018-12-01 09:30:16', 0, NULL),
(958, '2018-07-22', '2018-12-01 09:30:16', 0, NULL),
(959, '2018-07-22', '2018-12-01 09:30:16', 0, NULL),
(960, '2018-07-22', '2018-12-01 09:30:16', 0, NULL),
(961, '2018-07-22', '2018-12-01 09:30:16', 0, NULL),
(962, '2018-07-22', '2018-12-01 09:30:16', 0, NULL),
(963, '2018-07-23', '2018-12-01 09:30:16', 0, NULL),
(964, '2018-07-23', '2018-12-01 09:30:16', 0, NULL),
(965, '2018-07-23', '2018-12-01 09:30:16', 0, NULL),
(966, '2018-07-23', '2018-12-01 09:30:16', 0, NULL),
(967, '2018-07-23', '2018-12-01 09:30:16', 0, NULL),
(968, '2018-07-24', '2018-12-01 09:30:16', 0, NULL),
(969, '2018-07-24', '2018-12-01 09:30:16', 0, NULL),
(970, '2018-07-24', '2018-12-01 09:30:16', 0, NULL),
(971, '2018-07-24', '2018-12-01 09:30:16', 0, NULL),
(972, '2018-07-24', '2018-12-01 09:30:16', 0, NULL),
(973, '2018-07-24', '2018-12-01 09:30:16', 0, NULL),
(974, '2018-07-24', '2018-12-01 09:30:16', 0, NULL),
(975, '2018-07-24', '2018-12-01 09:30:16', 0, NULL),
(976, '2018-07-24', '2018-12-01 09:30:16', 0, NULL),
(977, '2018-07-24', '2018-12-01 09:30:16', 0, NULL),
(978, '2018-07-24', '2018-12-01 09:30:16', 0, NULL),
(979, '2018-07-25', '2018-12-01 09:30:16', 0, NULL),
(980, '2018-07-25', '2018-12-01 09:30:16', 0, NULL);
INSERT INTO `login_statistics` (`id`, `logged_at`, `added_at`, `deleted`, `deleted_at`) VALUES
(981, '2018-07-25', '2018-12-01 09:30:16', 0, NULL),
(982, '2018-07-26', '2018-12-01 09:30:16', 0, NULL),
(983, '2018-07-26', '2018-12-01 09:30:16', 0, NULL),
(984, '2018-07-26', '2018-12-01 09:30:16', 0, NULL),
(985, '2018-07-26', '2018-12-01 09:30:16', 0, NULL),
(986, '2018-07-26', '2018-12-01 09:30:16', 0, NULL),
(987, '2018-07-27', '2018-12-01 09:30:16', 0, NULL),
(988, '2018-07-27', '2018-12-01 09:30:16', 0, NULL),
(989, '2018-07-27', '2018-12-01 09:30:16', 0, NULL),
(990, '2018-07-27', '2018-12-01 09:30:16', 0, NULL),
(991, '2018-07-27', '2018-12-01 09:30:16', 0, NULL),
(992, '2018-07-27', '2018-12-01 09:30:16', 0, NULL),
(993, '2018-07-28', '2018-12-01 09:30:16', 0, NULL),
(994, '2018-07-28', '2018-12-01 09:30:16', 0, NULL),
(995, '2018-07-28', '2018-12-01 09:30:16', 0, NULL),
(996, '2018-07-28', '2018-12-01 09:30:16', 0, NULL),
(997, '2018-07-28', '2018-12-01 09:30:16', 0, NULL),
(998, '2018-07-28', '2018-12-01 09:30:16', 0, NULL),
(999, '2018-07-28', '2018-12-01 09:30:16', 0, NULL),
(1000, '2018-07-28', '2018-12-01 09:30:16', 0, NULL),
(1001, '2018-07-28', '2018-12-01 09:30:16', 0, NULL),
(1002, '2018-07-28', '2018-12-01 09:30:16', 0, NULL),
(1003, '2018-07-28', '2018-12-01 09:30:16', 0, NULL),
(1004, '2018-07-29', '2018-12-01 09:30:16', 0, NULL),
(1005, '2018-07-29', '2018-12-01 09:30:16', 0, NULL),
(1006, '2018-07-29', '2018-12-01 09:30:16', 0, NULL),
(1007, '2018-07-29', '2018-12-01 09:30:16', 0, NULL),
(1008, '2018-07-29', '2018-12-01 09:30:16', 0, NULL),
(1009, '2018-07-29', '2018-12-01 09:30:16', 0, NULL),
(1010, '2018-07-29', '2018-12-01 09:30:16', 0, NULL),
(1011, '2018-07-29', '2018-12-01 09:30:16', 0, NULL),
(1012, '2018-07-29', '2018-12-01 09:30:16', 0, NULL),
(1013, '2018-07-29', '2018-12-01 09:30:16', 0, NULL),
(1014, '2018-07-29', '2018-12-01 09:30:16', 0, NULL),
(1015, '2018-07-29', '2018-12-01 09:30:16', 0, NULL),
(1016, '2018-07-29', '2018-12-01 09:30:16', 0, NULL),
(1017, '2018-07-29', '2018-12-01 09:30:16', 0, NULL),
(1018, '2018-07-29', '2018-12-01 09:30:16', 0, NULL),
(1019, '2018-07-29', '2018-12-01 09:30:16', 0, NULL),
(1020, '2018-07-29', '2018-12-01 09:30:16', 0, NULL),
(1021, '2018-07-29', '2018-12-01 09:30:16', 0, NULL),
(1022, '2018-07-29', '2018-12-01 09:30:16', 0, NULL),
(1023, '2018-07-29', '2018-12-01 09:30:16', 0, NULL),
(1024, '2018-07-29', '2018-12-01 09:30:16', 0, NULL),
(1025, '2018-07-29', '2018-12-01 09:30:16', 0, NULL),
(1026, '2018-07-29', '2018-12-01 09:30:16', 0, NULL),
(1027, '2018-07-29', '2018-12-01 09:30:16', 0, NULL),
(1028, '2018-07-29', '2018-12-01 09:30:16', 0, NULL),
(1029, '2018-07-30', '2018-12-01 09:30:16', 0, NULL),
(1030, '2018-07-30', '2018-12-01 09:30:16', 0, NULL),
(1031, '2018-07-30', '2018-12-01 09:30:16', 0, NULL),
(1032, '2018-07-30', '2018-12-01 09:30:16', 0, NULL),
(1033, '2018-07-30', '2018-12-01 09:30:16', 0, NULL),
(1034, '2018-07-30', '2018-12-01 09:30:16', 0, NULL),
(1035, '2018-07-30', '2018-12-01 09:30:16', 0, NULL),
(1036, '2018-07-30', '2018-12-01 09:30:16', 0, NULL),
(1037, '2018-07-30', '2018-12-01 09:30:16', 0, NULL),
(1038, '2018-07-30', '2018-12-01 09:30:16', 0, NULL),
(1039, '2018-07-30', '2018-12-01 09:30:16', 0, NULL),
(1040, '2018-07-30', '2018-12-01 09:30:16', 0, NULL),
(1041, '2018-07-30', '2018-12-01 09:30:16', 0, NULL),
(1042, '2018-07-30', '2018-12-01 09:30:16', 0, NULL),
(1043, '2018-07-31', '2018-12-01 09:30:16', 0, NULL),
(1044, '2018-07-31', '2018-12-01 09:30:16', 0, NULL),
(1045, '2018-08-01', '2018-12-01 09:30:16', 0, NULL),
(1046, '2018-08-01', '2018-12-01 09:30:16', 0, NULL),
(1047, '2018-08-01', '2018-12-01 09:30:16', 0, NULL),
(1048, '2018-08-01', '2018-12-01 09:30:16', 0, NULL),
(1049, '2018-08-01', '2018-12-01 09:30:16', 0, NULL),
(1050, '2018-08-01', '2018-12-01 09:30:16', 0, NULL),
(1051, '2018-08-01', '2018-12-01 09:30:16', 0, NULL),
(1052, '2018-08-01', '2018-12-01 09:30:16', 0, NULL),
(1053, '2018-08-01', '2018-12-01 09:30:16', 0, NULL),
(1054, '2018-08-01', '2018-12-01 09:30:16', 0, NULL),
(1055, '2018-08-01', '2018-12-01 09:30:16', 0, NULL),
(1056, '2018-08-01', '2018-12-01 09:30:16', 0, NULL),
(1057, '2018-08-01', '2018-12-01 09:30:16', 0, NULL),
(1058, '2018-08-01', '2018-12-01 09:30:16', 0, NULL),
(1059, '2018-08-02', '2018-12-01 09:30:16', 0, NULL),
(1060, '2018-08-02', '2018-12-01 09:30:16', 0, NULL),
(1061, '2018-08-02', '2018-12-01 09:30:16', 0, NULL),
(1062, '2018-08-02', '2018-12-01 09:30:16', 0, NULL),
(1063, '2018-08-02', '2018-12-01 09:30:16', 0, NULL),
(1064, '2018-08-02', '2018-12-01 09:30:16', 0, NULL),
(1065, '2018-08-03', '2018-12-01 09:30:16', 0, NULL),
(1066, '2018-08-03', '2018-12-01 09:30:16', 0, NULL),
(1067, '2018-08-03', '2018-12-01 09:30:16', 0, NULL),
(1068, '2018-08-03', '2018-12-01 09:30:16', 0, NULL),
(1069, '2018-08-03', '2018-12-01 09:30:16', 0, NULL),
(1070, '2018-08-04', '2018-12-01 09:30:16', 0, NULL),
(1071, '2018-08-04', '2018-12-01 09:30:16', 0, NULL),
(1072, '2018-08-04', '2018-12-01 09:30:16', 0, NULL),
(1073, '2018-08-04', '2018-12-01 09:30:16', 0, NULL),
(1074, '2018-08-05', '2018-12-01 09:30:16', 0, NULL),
(1075, '2018-08-05', '2018-12-01 09:30:16', 0, NULL),
(1076, '2018-08-05', '2018-12-01 09:30:16', 0, NULL),
(1077, '2018-08-05', '2018-12-01 09:30:16', 0, NULL),
(1078, '2018-08-05', '2018-12-01 09:30:16', 0, NULL),
(1079, '2018-08-05', '2018-12-01 09:30:16', 0, NULL),
(1080, '2018-08-05', '2018-12-01 09:30:16', 0, NULL),
(1081, '2018-08-05', '2018-12-01 09:30:16', 0, NULL),
(1082, '2018-08-05', '2018-12-01 09:30:16', 0, NULL),
(1083, '2018-08-05', '2018-12-01 09:30:16', 0, NULL),
(1084, '2018-08-05', '2018-12-01 09:30:16', 0, NULL),
(1085, '2018-08-05', '2018-12-01 09:30:16', 0, NULL),
(1086, '2018-08-05', '2018-12-01 09:30:16', 0, NULL),
(1087, '2018-08-05', '2018-12-01 09:30:16', 0, NULL),
(1088, '2018-08-05', '2018-12-01 09:30:16', 0, NULL),
(1089, '2018-08-05', '2018-12-01 09:30:16', 0, NULL),
(1090, '2018-08-05', '2018-12-01 09:30:16', 0, NULL),
(1091, '2018-08-05', '2018-12-01 09:30:16', 0, NULL),
(1092, '2018-08-05', '2018-12-01 09:30:16', 0, NULL),
(1093, '2018-08-05', '2018-12-01 09:30:16', 0, NULL),
(1094, '2018-08-05', '2018-12-01 09:30:16', 0, NULL),
(1095, '2018-08-05', '2018-12-01 09:30:16', 0, NULL),
(1096, '2018-08-07', '2018-12-01 09:30:16', 0, NULL),
(1097, '2018-08-07', '2018-12-01 09:30:16', 0, NULL),
(1098, '2018-08-07', '2018-12-01 09:30:16', 0, NULL),
(1099, '2018-08-07', '2018-12-01 09:30:16', 0, NULL),
(1100, '2018-08-07', '2018-12-01 09:30:16', 0, NULL),
(1101, '2018-08-07', '2018-12-01 09:30:16', 0, NULL),
(1102, '2018-08-07', '2018-12-01 09:30:16', 0, NULL),
(1103, '2018-08-07', '2018-12-01 09:30:16', 0, NULL),
(1104, '2018-08-07', '2018-12-01 09:30:16', 0, NULL),
(1105, '2018-08-07', '2018-12-01 09:30:16', 0, NULL),
(1106, '2018-08-07', '2018-12-01 09:30:16', 0, NULL),
(1107, '2018-08-07', '2018-12-01 09:30:16', 0, NULL),
(1108, '2018-08-07', '2018-12-01 09:30:16', 0, NULL),
(1109, '2018-08-08', '2018-12-01 09:30:16', 0, NULL),
(1110, '2018-08-08', '2018-12-01 09:30:16', 0, NULL),
(1111, '2018-08-08', '2018-12-01 09:30:16', 0, NULL),
(1112, '2018-08-08', '2018-12-01 09:30:16', 0, NULL),
(1113, '2018-08-08', '2018-12-01 09:30:16', 0, NULL),
(1114, '2018-08-08', '2018-12-01 09:30:16', 0, NULL),
(1115, '2018-08-09', '2018-12-01 09:30:16', 0, NULL),
(1116, '2018-08-09', '2018-12-01 09:30:16', 0, NULL),
(1117, '2018-08-09', '2018-12-01 09:30:16', 0, NULL),
(1118, '2018-08-09', '2018-12-01 09:30:16', 0, NULL),
(1119, '2018-08-09', '2018-12-01 09:30:16', 0, NULL),
(1120, '2018-08-09', '2018-12-01 09:30:16', 0, NULL),
(1121, '2018-08-10', '2018-12-01 09:30:16', 0, NULL),
(1122, '2018-08-10', '2018-12-01 09:30:16', 0, NULL),
(1123, '2018-08-10', '2018-12-01 09:30:16', 0, NULL),
(1124, '2018-08-10', '2018-12-01 09:30:16', 0, NULL),
(1125, '2018-08-10', '2018-12-01 09:30:16', 0, NULL),
(1126, '2018-08-10', '2018-12-01 09:30:16', 0, NULL),
(1127, '2018-08-10', '2018-12-01 09:30:16', 0, NULL),
(1128, '2018-08-10', '2018-12-01 09:30:16', 0, NULL),
(1129, '2018-08-10', '2018-12-01 09:30:16', 0, NULL),
(1130, '2018-08-10', '2018-12-01 09:30:16', 0, NULL),
(1131, '2018-08-10', '2018-12-01 09:30:16', 0, NULL),
(1132, '2018-08-10', '2018-12-01 09:30:16', 0, NULL),
(1133, '2018-08-10', '2018-12-01 09:30:16', 0, NULL),
(1134, '2018-08-10', '2018-12-01 09:30:16', 0, NULL),
(1135, '2018-08-10', '2018-12-01 09:30:16', 0, NULL),
(1136, '2018-08-10', '2018-12-01 09:30:16', 0, NULL),
(1137, '2018-08-10', '2018-12-01 09:30:16', 0, NULL),
(1138, '2018-08-10', '2018-12-01 09:30:16', 0, NULL),
(1139, '2018-08-11', '2018-12-01 09:30:16', 0, NULL),
(1140, '2018-08-11', '2018-12-01 09:30:16', 0, NULL),
(1141, '2018-08-11', '2018-12-01 09:30:16', 0, NULL),
(1142, '2018-08-11', '2018-12-01 09:30:16', 0, NULL),
(1143, '2018-08-11', '2018-12-01 09:30:16', 0, NULL),
(1144, '2018-08-11', '2018-12-01 09:30:16', 0, NULL),
(1145, '2018-08-11', '2018-12-01 09:30:16', 0, NULL),
(1146, '2018-08-11', '2018-12-01 09:30:16', 0, NULL),
(1147, '2018-08-11', '2018-12-01 09:30:16', 0, NULL),
(1148, '2018-08-11', '2018-12-01 09:30:16', 0, NULL),
(1149, '2018-08-11', '2018-12-01 09:30:16', 0, NULL),
(1150, '2018-08-11', '2018-12-01 09:30:16', 0, NULL),
(1151, '2018-08-11', '2018-12-01 09:30:16', 0, NULL),
(1152, '2018-08-11', '2018-12-01 09:30:16', 0, NULL),
(1153, '2018-08-11', '2018-12-01 09:30:16', 0, NULL),
(1154, '2018-08-11', '2018-12-01 09:30:16', 0, NULL),
(1155, '2018-08-11', '2018-12-01 09:30:16', 0, NULL),
(1156, '2018-08-11', '2018-12-01 09:30:16', 0, NULL),
(1157, '2018-08-11', '2018-12-01 09:30:16', 0, NULL),
(1158, '2018-08-12', '2018-12-01 09:30:16', 0, NULL),
(1159, '2018-08-12', '2018-12-01 09:30:16', 0, NULL),
(1160, '2018-08-12', '2018-12-01 09:30:16', 0, NULL),
(1161, '2018-08-12', '2018-12-01 09:30:16', 0, NULL),
(1162, '2018-08-12', '2018-12-01 09:30:16', 0, NULL),
(1163, '2018-08-12', '2018-12-01 09:30:16', 0, NULL),
(1164, '2018-08-12', '2018-12-01 09:30:16', 0, NULL),
(1165, '2018-08-12', '2018-12-01 09:30:16', 0, NULL),
(1166, '2018-08-12', '2018-12-01 09:30:16', 0, NULL),
(1167, '2018-08-12', '2018-12-01 09:30:16', 0, NULL),
(1168, '2018-08-12', '2018-12-01 09:30:16', 0, NULL),
(1169, '2018-08-12', '2018-12-01 09:30:16', 0, NULL),
(1170, '2018-08-12', '2018-12-01 09:30:16', 0, NULL),
(1171, '2018-08-12', '2018-12-01 09:30:16', 0, NULL),
(1172, '2018-08-12', '2018-12-01 09:30:16', 0, NULL),
(1173, '2018-08-12', '2018-12-01 09:30:16', 0, NULL),
(1174, '2018-08-12', '2018-12-01 09:30:16', 0, NULL),
(1175, '2018-08-12', '2018-12-01 09:30:16', 0, NULL),
(1176, '2018-08-12', '2018-12-01 09:30:16', 0, NULL),
(1177, '2018-08-12', '2018-12-01 09:30:16', 0, NULL),
(1178, '2018-08-12', '2018-12-01 09:30:16', 0, NULL),
(1179, '2018-08-12', '2018-12-01 09:30:16', 0, NULL),
(1180, '2018-08-12', '2018-12-01 09:30:16', 0, NULL),
(1181, '2018-08-12', '2018-12-01 09:30:16', 0, NULL),
(1182, '2018-08-13', '2018-12-01 09:30:16', 0, NULL),
(1183, '2018-08-13', '2018-12-01 09:30:16', 0, NULL),
(1184, '2018-08-13', '2018-12-01 09:30:16', 0, NULL),
(1185, '2018-08-13', '2018-12-01 09:30:16', 0, NULL),
(1186, '2018-08-13', '2018-12-01 09:30:16', 0, NULL),
(1187, '2018-08-13', '2018-12-01 09:30:16', 0, NULL),
(1188, '2018-08-13', '2018-12-01 09:30:16', 0, NULL),
(1189, '2018-08-13', '2018-12-01 09:30:16', 0, NULL),
(1190, '2018-08-13', '2018-12-01 09:30:16', 0, NULL),
(1191, '2018-08-13', '2018-12-01 09:30:16', 0, NULL),
(1192, '2018-08-13', '2018-12-01 09:30:16', 0, NULL),
(1193, '2018-08-13', '2018-12-01 09:30:16', 0, NULL),
(1194, '2018-08-13', '2018-12-01 09:30:16', 0, NULL),
(1195, '2018-08-13', '2018-12-01 09:30:16', 0, NULL),
(1196, '2018-08-13', '2018-12-01 09:30:16', 0, NULL),
(1197, '2018-08-13', '2018-12-01 09:30:16', 0, NULL),
(1198, '2018-08-14', '2018-12-01 09:30:16', 0, NULL),
(1199, '2018-08-14', '2018-12-01 09:30:16', 0, NULL),
(1200, '2018-08-14', '2018-12-01 09:30:16', 0, NULL),
(1201, '2018-08-14', '2018-12-01 09:30:16', 0, NULL),
(1202, '2018-08-14', '2018-12-01 09:30:16', 0, NULL),
(1203, '2018-08-14', '2018-12-01 09:30:16', 0, NULL),
(1204, '2018-08-14', '2018-12-01 09:30:16', 0, NULL),
(1205, '2018-08-14', '2018-12-01 09:30:16', 0, NULL),
(1206, '2018-08-14', '2018-12-01 09:30:16', 0, NULL),
(1207, '2018-08-14', '2018-12-01 09:30:16', 0, NULL),
(1208, '2018-08-14', '2018-12-01 09:30:16', 0, NULL),
(1209, '2018-08-14', '2018-12-01 09:30:16', 0, NULL),
(1210, '2018-08-14', '2018-12-01 09:30:16', 0, NULL),
(1211, '2018-08-14', '2018-12-01 09:30:16', 0, NULL),
(1212, '2018-08-14', '2018-12-01 09:30:16', 0, NULL),
(1213, '2018-08-14', '2018-12-01 09:30:16', 0, NULL),
(1214, '2018-08-14', '2018-12-01 09:30:16', 0, NULL),
(1215, '2018-08-14', '2018-12-01 09:30:16', 0, NULL),
(1216, '2018-08-15', '2018-12-01 09:30:16', 0, NULL),
(1217, '2018-08-15', '2018-12-01 09:30:16', 0, NULL),
(1218, '2018-08-15', '2018-12-01 09:30:16', 0, NULL),
(1219, '2018-08-15', '2018-12-01 09:30:16', 0, NULL),
(1220, '2018-08-15', '2018-12-01 09:30:16', 0, NULL),
(1221, '2018-08-15', '2018-12-01 09:30:16', 0, NULL),
(1222, '2018-08-15', '2018-12-01 09:30:16', 0, NULL),
(1223, '2018-08-15', '2018-12-01 09:30:16', 0, NULL),
(1224, '2018-08-15', '2018-12-01 09:30:16', 0, NULL),
(1225, '2018-08-15', '2018-12-01 09:30:16', 0, NULL),
(1226, '2018-08-15', '2018-12-01 09:30:16', 0, NULL),
(1227, '2018-08-15', '2018-12-01 09:30:16', 0, NULL),
(1228, '2018-08-15', '2018-12-01 09:30:16', 0, NULL),
(1229, '2018-08-15', '2018-12-01 09:30:16', 0, NULL),
(1230, '2018-08-15', '2018-12-01 09:30:16', 0, NULL),
(1231, '2018-08-15', '2018-12-01 09:30:16', 0, NULL),
(1232, '2018-08-15', '2018-12-01 09:30:16', 0, NULL),
(1233, '2018-08-15', '2018-12-01 09:30:16', 0, NULL),
(1234, '2018-08-15', '2018-12-01 09:30:16', 0, NULL),
(1235, '2018-08-15', '2018-12-01 09:30:16', 0, NULL),
(1236, '2018-08-15', '2018-12-01 09:30:16', 0, NULL),
(1237, '2018-08-16', '2018-12-01 09:30:16', 0, NULL),
(1238, '2018-08-17', '2018-12-01 09:30:16', 0, NULL),
(1239, '2018-08-18', '2018-12-01 09:30:16', 0, NULL),
(1240, '2018-08-18', '2018-12-01 09:30:16', 0, NULL),
(1241, '2018-08-18', '2018-12-01 09:30:16', 0, NULL),
(1242, '2018-08-18', '2018-12-01 09:30:16', 0, NULL),
(1243, '2018-08-18', '2018-12-01 09:30:16', 0, NULL),
(1244, '2018-08-18', '2018-12-01 09:30:16', 0, NULL),
(1245, '2018-08-18', '2018-12-01 09:30:16', 0, NULL),
(1246, '2018-08-18', '2018-12-01 09:30:16', 0, NULL),
(1247, '2018-08-19', '2018-12-01 09:30:16', 0, NULL),
(1248, '2018-08-19', '2018-12-01 09:30:16', 0, NULL),
(1249, '2018-08-19', '2018-12-01 09:30:16', 0, NULL),
(1250, '2018-08-19', '2018-12-01 09:30:16', 0, NULL),
(1251, '2018-08-19', '2018-12-01 09:30:16', 0, NULL),
(1252, '2018-08-19', '2018-12-01 09:30:16', 0, NULL),
(1253, '2018-08-19', '2018-12-01 09:30:16', 0, NULL),
(1254, '2018-08-19', '2018-12-01 09:30:16', 0, NULL),
(1255, '2018-08-19', '2018-12-01 09:30:16', 0, NULL),
(1256, '2018-08-19', '2018-12-01 09:30:16', 0, NULL),
(1257, '2018-08-20', '2018-12-01 09:30:16', 0, NULL),
(1258, '2018-08-21', '2018-12-01 09:30:16', 0, NULL),
(1259, '2018-08-21', '2018-12-01 09:30:16', 0, NULL),
(1260, '2018-08-21', '2018-12-01 09:30:16', 0, NULL),
(1261, '2018-08-21', '2018-12-01 09:30:16', 0, NULL),
(1262, '2018-08-21', '2018-12-01 09:30:16', 0, NULL),
(1263, '2018-08-21', '2018-12-01 09:30:16', 0, NULL),
(1264, '2018-08-21', '2018-12-01 09:30:16', 0, NULL),
(1265, '2018-08-21', '2018-12-01 09:30:16', 0, NULL),
(1266, '2018-08-21', '2018-12-01 09:30:16', 0, NULL),
(1267, '2018-08-21', '2018-12-01 09:30:16', 0, NULL),
(1268, '2018-08-21', '2018-12-01 09:30:16', 0, NULL),
(1269, '2018-08-21', '2018-12-01 09:30:16', 0, NULL),
(1270, '2018-08-21', '2018-12-01 09:30:16', 0, NULL),
(1271, '2018-08-21', '2018-12-01 09:30:16', 0, NULL),
(1272, '2018-08-21', '2018-12-01 09:30:16', 0, NULL),
(1273, '2018-08-21', '2018-12-01 09:30:16', 0, NULL),
(1274, '2018-08-21', '2018-12-01 09:30:16', 0, NULL),
(1275, '2018-08-21', '2018-12-01 09:30:16', 0, NULL),
(1276, '2018-08-21', '2018-12-01 09:30:16', 0, NULL),
(1277, '2018-08-22', '2018-12-01 09:30:16', 0, NULL),
(1278, '2018-08-22', '2018-12-01 09:30:16', 0, NULL),
(1279, '2018-08-24', '2018-12-01 09:30:16', 0, NULL),
(1280, '2018-08-24', '2018-12-01 09:30:16', 0, NULL),
(1281, '2018-08-24', '2018-12-01 09:30:16', 0, NULL),
(1282, '2018-08-24', '2018-12-01 09:30:16', 0, NULL),
(1283, '2018-08-24', '2018-12-01 09:30:16', 0, NULL),
(1284, '2018-08-24', '2018-12-01 09:30:16', 0, NULL),
(1285, '2018-08-24', '2018-12-01 09:30:16', 0, NULL),
(1286, '2018-08-24', '2018-12-01 09:30:16', 0, NULL),
(1287, '2018-08-24', '2018-12-01 09:30:16', 0, NULL),
(1288, '2018-08-24', '2018-12-01 09:30:16', 0, NULL),
(1289, '2018-08-24', '2018-12-01 09:30:16', 0, NULL),
(1290, '2018-08-24', '2018-12-01 09:30:16', 0, NULL),
(1291, '2018-08-24', '2018-12-01 09:30:16', 0, NULL),
(1292, '2018-08-24', '2018-12-01 09:30:16', 0, NULL),
(1293, '2018-08-25', '2018-12-01 09:30:16', 0, NULL),
(1294, '2018-08-25', '2018-12-01 09:30:16', 0, NULL),
(1295, '2018-08-25', '2018-12-01 09:30:16', 0, NULL),
(1296, '2018-08-25', '2018-12-01 09:30:16', 0, NULL),
(1297, '2018-08-25', '2018-12-01 09:30:16', 0, NULL),
(1298, '2018-08-25', '2018-12-01 09:30:16', 0, NULL),
(1299, '2018-08-25', '2018-12-01 09:30:16', 0, NULL),
(1300, '2018-08-25', '2018-12-01 09:30:16', 0, NULL),
(1301, '2018-08-25', '2018-12-01 09:30:16', 0, NULL),
(1302, '2018-08-25', '2018-12-01 09:30:16', 0, NULL),
(1303, '2018-08-25', '2018-12-01 09:30:16', 0, NULL),
(1304, '2018-08-25', '2018-12-01 09:30:16', 0, NULL),
(1305, '2018-08-25', '2018-12-01 09:30:16', 0, NULL),
(1306, '2018-08-25', '2018-12-01 09:30:16', 0, NULL),
(1307, '2018-08-25', '2018-12-01 09:30:16', 0, NULL),
(1308, '2018-08-25', '2018-12-01 09:30:16', 0, NULL),
(1309, '2018-08-25', '2018-12-01 09:30:16', 0, NULL),
(1310, '2018-08-25', '2018-12-01 09:30:16', 0, NULL),
(1311, '2018-08-25', '2018-12-01 09:30:16', 0, NULL),
(1312, '2018-08-25', '2018-12-01 09:30:16', 0, NULL),
(1313, '2018-08-25', '2018-12-01 09:30:16', 0, NULL),
(1314, '2018-08-25', '2018-12-01 09:30:16', 0, NULL),
(1315, '2018-08-25', '2018-12-01 09:30:16', 0, NULL),
(1316, '2018-08-26', '2018-12-01 09:30:16', 0, NULL),
(1317, '2018-08-26', '2018-12-01 09:30:16', 0, NULL),
(1318, '2018-08-26', '2018-12-01 09:30:16', 0, NULL),
(1319, '2018-08-26', '2018-12-01 09:30:16', 0, NULL),
(1320, '2018-08-26', '2018-12-01 09:30:16', 0, NULL),
(1321, '2018-08-26', '2018-12-01 09:30:16', 0, NULL),
(1322, '2018-08-27', '2018-12-01 09:30:16', 0, NULL),
(1323, '2018-08-27', '2018-12-01 09:30:16', 0, NULL),
(1324, '2018-08-27', '2018-12-01 09:30:16', 0, NULL),
(1325, '2018-08-27', '2018-12-01 09:30:16', 0, NULL),
(1326, '2018-08-27', '2018-12-01 09:30:16', 0, NULL),
(1327, '2018-08-27', '2018-12-01 09:30:16', 0, NULL),
(1328, '2018-08-27', '2018-12-01 09:30:16', 0, NULL),
(1329, '2018-08-27', '2018-12-01 09:30:16', 0, NULL),
(1330, '2018-08-27', '2018-12-01 09:30:16', 0, NULL),
(1331, '2018-08-27', '2018-12-01 09:30:16', 0, NULL),
(1332, '2018-08-27', '2018-12-01 09:30:16', 0, NULL),
(1333, '2018-08-27', '2018-12-01 09:30:16', 0, NULL),
(1334, '2018-08-27', '2018-12-01 09:30:16', 0, NULL),
(1335, '2018-08-27', '2018-12-01 09:30:16', 0, NULL),
(1336, '2018-08-27', '2018-12-01 09:30:16', 0, NULL),
(1337, '2018-08-27', '2018-12-01 09:30:16', 0, NULL),
(1338, '2018-08-27', '2018-12-01 09:30:16', 0, NULL),
(1339, '2018-08-27', '2018-12-01 09:30:16', 0, NULL),
(1340, '2018-08-27', '2018-12-01 09:30:16', 0, NULL),
(1341, '2018-08-27', '2018-12-01 09:30:16', 0, NULL),
(1342, '2018-08-27', '2018-12-01 09:30:16', 0, NULL),
(1343, '2018-08-27', '2018-12-01 09:30:16', 0, NULL),
(1344, '2018-08-27', '2018-12-01 09:30:16', 0, NULL),
(1345, '2018-08-27', '2018-12-01 09:30:16', 0, NULL),
(1346, '2018-08-27', '2018-12-01 09:30:16', 0, NULL),
(1347, '2018-08-28', '2018-12-01 09:30:16', 0, NULL),
(1348, '2018-08-28', '2018-12-01 09:30:16', 0, NULL),
(1349, '2018-08-28', '2018-12-01 09:30:16', 0, NULL),
(1350, '2018-08-28', '2018-12-01 09:30:16', 0, NULL),
(1351, '2018-08-28', '2018-12-01 09:30:16', 0, NULL),
(1352, '2018-08-28', '2018-12-01 09:30:16', 0, NULL),
(1353, '2018-08-28', '2018-12-01 09:30:16', 0, NULL),
(1354, '2018-08-28', '2018-12-01 09:30:16', 0, NULL),
(1355, '2018-08-28', '2018-12-01 09:30:16', 0, NULL),
(1356, '2018-08-28', '2018-12-01 09:30:16', 0, NULL),
(1357, '2018-08-29', '2018-12-01 09:30:16', 0, NULL),
(1358, '2018-08-29', '2018-12-01 09:30:16', 0, NULL),
(1359, '2018-08-29', '2018-12-01 09:30:16', 0, NULL),
(1360, '2018-08-29', '2018-12-01 09:30:16', 0, NULL),
(1361, '2018-08-29', '2018-12-01 09:30:16', 0, NULL),
(1362, '2018-08-29', '2018-12-01 09:30:16', 0, NULL),
(1363, '2018-08-29', '2018-12-01 09:30:16', 0, NULL),
(1364, '2018-08-29', '2018-12-01 09:30:16', 0, NULL),
(1365, '2018-08-29', '2018-12-01 09:30:16', 0, NULL),
(1366, '2018-08-29', '2018-12-01 09:30:16', 0, NULL),
(1367, '2018-08-29', '2018-12-01 09:30:16', 0, NULL),
(1368, '2018-08-29', '2018-12-01 09:30:16', 0, NULL),
(1369, '2018-08-29', '2018-12-01 09:30:16', 0, NULL),
(1370, '2018-08-29', '2018-12-01 09:30:16', 0, NULL),
(1371, '2018-08-29', '2018-12-01 09:30:16', 0, NULL),
(1372, '2018-08-29', '2018-12-01 09:30:16', 0, NULL),
(1373, '2018-08-29', '2018-12-01 09:30:16', 0, NULL),
(1374, '2018-08-29', '2018-12-01 09:30:16', 0, NULL),
(1375, '2018-08-30', '2018-12-01 09:30:16', 0, NULL),
(1376, '2018-08-30', '2018-12-01 09:30:16', 0, NULL),
(1377, '2018-08-30', '2018-12-01 09:30:16', 0, NULL),
(1378, '2018-08-30', '2018-12-01 09:30:16', 0, NULL),
(1379, '2018-08-30', '2018-12-01 09:30:16', 0, NULL),
(1380, '2018-08-30', '2018-12-01 09:30:16', 0, NULL),
(1381, '2018-08-30', '2018-12-01 09:30:16', 0, NULL),
(1382, '2018-08-30', '2018-12-01 09:30:16', 0, NULL),
(1383, '2018-08-30', '2018-12-01 09:30:16', 0, NULL),
(1384, '2018-08-30', '2018-12-01 09:30:16', 0, NULL),
(1385, '2018-08-30', '2018-12-01 09:30:16', 0, NULL),
(1386, '2018-08-30', '2018-12-01 09:30:16', 0, NULL),
(1387, '2018-08-30', '2018-12-01 09:30:16', 0, NULL),
(1388, '2018-08-30', '2018-12-01 09:30:16', 0, NULL),
(1389, '2018-08-31', '2018-12-01 09:30:16', 0, NULL),
(1390, '2018-08-31', '2018-12-01 09:30:16', 0, NULL),
(1391, '2018-08-31', '2018-12-01 09:30:16', 0, NULL),
(1392, '2018-08-31', '2018-12-01 09:30:16', 0, NULL),
(1393, '2018-08-31', '2018-12-01 09:30:16', 0, NULL),
(1394, '2018-08-31', '2018-12-01 09:30:16', 0, NULL),
(1395, '2018-08-31', '2018-12-01 09:30:16', 0, NULL),
(1396, '2018-08-31', '2018-12-01 09:30:16', 0, NULL),
(1397, '2018-08-31', '2018-12-01 09:30:16', 0, NULL),
(1398, '2018-08-31', '2018-12-01 09:30:16', 0, NULL),
(1399, '2018-08-31', '2018-12-01 09:30:16', 0, NULL),
(1400, '2018-08-31', '2018-12-01 09:30:16', 0, NULL),
(1401, '2018-08-31', '2018-12-01 09:30:16', 0, NULL),
(1402, '2018-08-31', '2018-12-01 09:30:16', 0, NULL),
(1403, '2018-08-31', '2018-12-01 09:30:16', 0, NULL),
(1404, '2018-08-31', '2018-12-01 09:30:16', 0, NULL),
(1405, '2018-08-31', '2018-12-01 09:30:16', 0, NULL),
(1406, '2018-08-31', '2018-12-01 09:30:16', 0, NULL),
(1407, '2018-09-01', '2018-12-01 09:30:16', 0, NULL),
(1408, '2018-09-01', '2018-12-01 09:30:16', 0, NULL),
(1409, '2018-09-01', '2018-12-01 09:30:16', 0, NULL),
(1410, '2018-09-01', '2018-12-01 09:30:16', 0, NULL),
(1411, '2018-09-01', '2018-12-01 09:30:16', 0, NULL),
(1412, '2018-09-01', '2018-12-01 09:30:16', 0, NULL),
(1413, '2018-09-01', '2018-12-01 09:30:16', 0, NULL),
(1414, '2018-09-01', '2018-12-01 09:30:16', 0, NULL),
(1415, '2018-09-01', '2018-12-01 09:30:16', 0, NULL),
(1416, '2018-09-01', '2018-12-01 09:30:16', 0, NULL),
(1417, '2018-09-01', '2018-12-01 09:30:16', 0, NULL),
(1418, '2018-09-01', '2018-12-01 09:30:16', 0, NULL),
(1419, '2018-09-01', '2018-12-01 09:30:16', 0, NULL),
(1420, '2018-09-01', '2018-12-01 09:30:16', 0, NULL),
(1421, '2018-09-01', '2018-12-01 09:30:16', 0, NULL),
(1422, '2018-09-01', '2018-12-01 09:30:16', 0, NULL),
(1423, '2018-09-02', '2018-12-01 09:30:16', 0, NULL),
(1424, '2018-09-02', '2018-12-01 09:30:16', 0, NULL),
(1425, '2018-09-02', '2018-12-01 09:30:16', 0, NULL),
(1426, '2018-09-02', '2018-12-01 09:30:16', 0, NULL),
(1427, '2018-09-02', '2018-12-01 09:30:16', 0, NULL),
(1428, '2018-09-02', '2018-12-01 09:30:16', 0, NULL),
(1429, '2018-09-02', '2018-12-01 09:30:16', 0, NULL),
(1430, '2018-09-02', '2018-12-01 09:30:16', 0, NULL),
(1431, '2018-09-02', '2018-12-01 09:30:16', 0, NULL),
(1432, '2018-09-02', '2018-12-01 09:30:16', 0, NULL),
(1433, '2018-09-03', '2018-12-01 09:30:16', 0, NULL),
(1434, '2018-09-03', '2018-12-01 09:30:16', 0, NULL),
(1435, '2018-09-03', '2018-12-01 09:30:16', 0, NULL),
(1436, '2018-09-03', '2018-12-01 09:30:16', 0, NULL),
(1437, '2018-09-03', '2018-12-01 09:30:16', 0, NULL),
(1438, '2018-09-03', '2018-12-01 09:30:16', 0, NULL),
(1439, '2018-09-03', '2018-12-01 09:30:16', 0, NULL),
(1440, '2018-09-03', '2018-12-01 09:30:16', 0, NULL),
(1441, '2018-09-03', '2018-12-01 09:30:16', 0, NULL),
(1442, '2018-09-03', '2018-12-01 09:30:16', 0, NULL),
(1443, '2018-09-03', '2018-12-01 09:30:16', 0, NULL),
(1444, '2018-09-03', '2018-12-01 09:30:16', 0, NULL),
(1445, '2018-09-03', '2018-12-01 09:30:16', 0, NULL),
(1446, '2018-09-03', '2018-12-01 09:30:16', 0, NULL),
(1447, '2018-09-03', '2018-12-01 09:30:16', 0, NULL),
(1448, '2018-09-03', '2018-12-01 09:30:16', 0, NULL),
(1449, '2018-09-03', '2018-12-01 09:30:16', 0, NULL),
(1450, '2018-09-03', '2018-12-01 09:30:16', 0, NULL),
(1451, '2018-09-03', '2018-12-01 09:30:16', 0, NULL),
(1452, '2018-09-03', '2018-12-01 09:30:16', 0, NULL),
(1453, '2018-09-03', '2018-12-01 09:30:16', 0, NULL),
(1454, '2018-09-03', '2018-12-01 09:30:16', 0, NULL),
(1455, '2018-09-03', '2018-12-01 09:30:16', 0, NULL),
(1456, '2018-09-03', '2018-12-01 09:30:16', 0, NULL),
(1457, '2018-09-04', '2018-12-01 09:30:16', 0, NULL),
(1458, '2018-09-04', '2018-12-01 09:30:16', 0, NULL),
(1459, '2018-09-04', '2018-12-01 09:30:16', 0, NULL),
(1460, '2018-09-04', '2018-12-01 09:30:16', 0, NULL),
(1461, '2018-09-04', '2018-12-01 09:30:16', 0, NULL),
(1462, '2018-09-04', '2018-12-01 09:30:16', 0, NULL),
(1463, '2018-09-04', '2018-12-01 09:30:16', 0, NULL),
(1464, '2018-09-04', '2018-12-01 09:30:16', 0, NULL),
(1465, '2018-09-04', '2018-12-01 09:30:16', 0, NULL),
(1466, '2018-09-04', '2018-12-01 09:30:16', 0, NULL),
(1467, '2018-09-04', '2018-12-01 09:30:16', 0, NULL),
(1468, '2018-09-04', '2018-12-01 09:30:16', 0, NULL),
(1469, '2018-09-04', '2018-12-01 09:30:16', 0, NULL),
(1470, '2018-09-04', '2018-12-01 09:30:16', 0, NULL),
(1471, '2018-09-04', '2018-12-01 09:30:16', 0, NULL),
(1472, '2018-09-04', '2018-12-01 09:30:16', 0, NULL),
(1473, '2018-09-04', '2018-12-01 09:30:16', 0, NULL),
(1474, '2018-09-04', '2018-12-01 09:30:16', 0, NULL),
(1475, '2018-09-04', '2018-12-01 09:30:16', 0, NULL),
(1476, '2018-09-04', '2018-12-01 09:30:16', 0, NULL),
(1477, '2018-09-04', '2018-12-01 09:30:16', 0, NULL),
(1478, '2018-09-04', '2018-12-01 09:30:16', 0, NULL),
(1479, '2018-09-04', '2018-12-01 09:30:16', 0, NULL),
(1480, '2018-09-04', '2018-12-01 09:30:16', 0, NULL),
(1481, '2018-09-05', '2018-12-01 09:30:16', 0, NULL),
(1482, '2018-09-05', '2018-12-01 09:30:16', 0, NULL),
(1483, '2018-09-05', '2018-12-01 09:30:16', 0, NULL),
(1484, '2018-09-05', '2018-12-01 09:30:16', 0, NULL),
(1485, '2018-09-05', '2018-12-01 09:30:16', 0, NULL),
(1486, '2018-09-05', '2018-12-01 09:30:16', 0, NULL),
(1487, '2018-09-05', '2018-12-01 09:30:16', 0, NULL),
(1488, '2018-09-05', '2018-12-01 09:30:16', 0, NULL),
(1489, '2018-09-06', '2018-12-01 09:30:16', 0, NULL),
(1490, '2018-09-06', '2018-12-01 09:30:16', 0, NULL),
(1491, '2018-09-07', '2018-12-01 09:30:16', 0, NULL),
(1492, '2018-09-07', '2018-12-01 09:30:16', 0, NULL),
(1493, '2018-09-07', '2018-12-01 09:30:16', 0, NULL),
(1494, '2018-09-07', '2018-12-01 09:30:16', 0, NULL),
(1495, '2018-09-07', '2018-12-01 09:30:16', 0, NULL),
(1496, '2018-09-07', '2018-12-01 09:30:16', 0, NULL),
(1497, '2018-09-07', '2018-12-01 09:30:16', 0, NULL),
(1498, '2018-09-07', '2018-12-01 09:30:16', 0, NULL),
(1499, '2018-09-07', '2018-12-01 09:30:16', 0, NULL),
(1500, '2018-09-07', '2018-12-01 09:30:16', 0, NULL),
(1501, '2018-09-07', '2018-12-01 09:30:16', 0, NULL),
(1502, '2018-09-07', '2018-12-01 09:30:16', 0, NULL),
(1503, '2018-09-07', '2018-12-01 09:30:16', 0, NULL),
(1504, '2018-09-07', '2018-12-01 09:30:16', 0, NULL),
(1505, '2018-09-07', '2018-12-01 09:30:16', 0, NULL),
(1506, '2018-09-07', '2018-12-01 09:30:16', 0, NULL),
(1507, '2018-09-07', '2018-12-01 09:30:16', 0, NULL),
(1508, '2018-09-07', '2018-12-01 09:30:16', 0, NULL),
(1509, '2018-09-08', '2018-12-01 09:30:16', 0, NULL),
(1510, '2018-09-08', '2018-12-01 09:30:16', 0, NULL),
(1511, '2018-09-08', '2018-12-01 09:30:16', 0, NULL),
(1512, '2018-09-08', '2018-12-01 09:30:16', 0, NULL),
(1513, '2018-09-08', '2018-12-01 09:30:16', 0, NULL),
(1514, '2018-09-08', '2018-12-01 09:30:16', 0, NULL),
(1515, '2018-09-08', '2018-12-01 09:30:16', 0, NULL),
(1516, '2018-09-08', '2018-12-01 09:30:16', 0, NULL),
(1517, '2018-09-08', '2018-12-01 09:30:16', 0, NULL),
(1518, '2018-09-08', '2018-12-01 09:30:16', 0, NULL),
(1519, '2018-09-08', '2018-12-01 09:30:16', 0, NULL),
(1520, '2018-09-08', '2018-12-01 09:30:16', 0, NULL),
(1521, '2018-09-08', '2018-12-01 09:30:16', 0, NULL),
(1522, '2018-09-08', '2018-12-01 09:30:16', 0, NULL),
(1523, '2018-09-08', '2018-12-01 09:30:16', 0, NULL),
(1524, '2018-09-08', '2018-12-01 09:30:16', 0, NULL),
(1525, '2018-09-08', '2018-12-01 09:30:16', 0, NULL),
(1526, '2018-09-08', '2018-12-01 09:30:16', 0, NULL),
(1527, '2018-09-09', '2018-12-01 09:30:16', 0, NULL),
(1528, '2018-09-09', '2018-12-01 09:30:16', 0, NULL),
(1529, '2018-09-09', '2018-12-01 09:30:16', 0, NULL),
(1530, '2018-09-09', '2018-12-01 09:30:16', 0, NULL),
(1531, '2018-09-09', '2018-12-01 09:30:16', 0, NULL),
(1532, '2018-09-09', '2018-12-01 09:30:16', 0, NULL),
(1533, '2018-09-09', '2018-12-01 09:30:16', 0, NULL),
(1534, '2018-09-09', '2018-12-01 09:30:16', 0, NULL),
(1535, '2018-09-09', '2018-12-01 09:30:16', 0, NULL),
(1536, '2018-09-09', '2018-12-01 09:30:16', 0, NULL),
(1537, '2018-09-09', '2018-12-01 09:30:16', 0, NULL),
(1538, '2018-09-09', '2018-12-01 09:30:16', 0, NULL),
(1539, '2018-09-09', '2018-12-01 09:30:16', 0, NULL),
(1540, '2018-09-09', '2018-12-01 09:30:16', 0, NULL),
(1541, '2018-09-09', '2018-12-01 09:30:16', 0, NULL),
(1542, '2018-09-09', '2018-12-01 09:30:16', 0, NULL),
(1543, '2018-09-09', '2018-12-01 09:30:16', 0, NULL),
(1544, '2018-09-09', '2018-12-01 09:30:16', 0, NULL),
(1545, '2018-09-09', '2018-12-01 09:30:16', 0, NULL),
(1546, '2018-09-09', '2018-12-01 09:30:16', 0, NULL),
(1547, '2018-09-09', '2018-12-01 09:30:16', 0, NULL),
(1548, '2018-09-09', '2018-12-01 09:30:16', 0, NULL),
(1549, '2018-09-09', '2018-12-01 09:30:16', 0, NULL),
(1550, '2018-09-09', '2018-12-01 09:30:16', 0, NULL),
(1551, '2018-09-10', '2018-12-01 09:30:16', 0, NULL),
(1552, '2018-09-10', '2018-12-01 09:30:16', 0, NULL),
(1553, '2018-09-11', '2018-12-01 09:30:16', 0, NULL),
(1554, '2018-09-11', '2018-12-01 09:30:16', 0, NULL),
(1555, '2018-09-11', '2018-12-01 09:30:16', 0, NULL),
(1556, '2018-09-11', '2018-12-01 09:30:16', 0, NULL),
(1557, '2018-09-11', '2018-12-01 09:30:16', 0, NULL),
(1558, '2018-09-11', '2018-12-01 09:30:16', 0, NULL),
(1559, '2018-09-11', '2018-12-01 09:30:16', 0, NULL),
(1560, '2018-09-11', '2018-12-01 09:30:16', 0, NULL),
(1561, '2018-09-11', '2018-12-01 09:30:16', 0, NULL),
(1562, '2018-09-11', '2018-12-01 09:30:16', 0, NULL),
(1563, '2018-09-11', '2018-12-01 09:30:16', 0, NULL),
(1564, '2018-09-11', '2018-12-01 09:30:16', 0, NULL),
(1565, '2018-09-11', '2018-12-01 09:30:16', 0, NULL),
(1566, '2018-09-11', '2018-12-01 09:30:16', 0, NULL),
(1567, '2018-09-11', '2018-12-01 09:30:16', 0, NULL),
(1568, '2018-09-11', '2018-12-01 09:30:16', 0, NULL),
(1569, '2018-09-11', '2018-12-01 09:30:16', 0, NULL),
(1570, '2018-09-12', '2018-12-01 09:30:16', 0, NULL),
(1571, '2018-09-12', '2018-12-01 09:30:16', 0, NULL),
(1572, '2018-09-12', '2018-12-01 09:30:16', 0, NULL),
(1573, '2018-09-12', '2018-12-01 09:30:16', 0, NULL),
(1574, '2018-09-12', '2018-12-01 09:30:16', 0, NULL),
(1575, '2018-09-12', '2018-12-01 09:30:16', 0, NULL),
(1576, '2018-09-12', '2018-12-01 09:30:16', 0, NULL),
(1577, '2018-09-12', '2018-12-01 09:30:16', 0, NULL),
(1578, '2018-09-12', '2018-12-01 09:30:16', 0, NULL),
(1579, '2018-09-12', '2018-12-01 09:30:16', 0, NULL),
(1580, '2018-09-12', '2018-12-01 09:30:16', 0, NULL),
(1581, '2018-09-12', '2018-12-01 09:30:16', 0, NULL),
(1582, '2018-09-12', '2018-12-01 09:30:16', 0, NULL),
(1583, '2018-09-12', '2018-12-01 09:30:16', 0, NULL),
(1584, '2018-09-12', '2018-12-01 09:30:16', 0, NULL),
(1585, '2018-09-12', '2018-12-01 09:30:16', 0, NULL),
(1586, '2018-09-12', '2018-12-01 09:30:16', 0, NULL),
(1587, '2018-09-13', '2018-12-01 09:30:16', 0, NULL),
(1588, '2018-09-13', '2018-12-01 09:30:16', 0, NULL),
(1589, '2018-09-13', '2018-12-01 09:30:16', 0, NULL),
(1590, '2018-09-13', '2018-12-01 09:30:16', 0, NULL),
(1591, '2018-09-13', '2018-12-01 09:30:16', 0, NULL),
(1592, '2018-09-13', '2018-12-01 09:30:16', 0, NULL),
(1593, '2018-09-13', '2018-12-01 09:30:16', 0, NULL),
(1594, '2018-09-13', '2018-12-01 09:30:16', 0, NULL),
(1595, '2018-09-13', '2018-12-01 09:30:16', 0, NULL),
(1596, '2018-09-13', '2018-12-01 09:30:16', 0, NULL),
(1597, '2018-09-14', '2018-12-01 09:30:16', 0, NULL),
(1598, '2018-09-14', '2018-12-01 09:30:16', 0, NULL),
(1599, '2018-09-14', '2018-12-01 09:30:16', 0, NULL),
(1600, '2018-09-14', '2018-12-01 09:30:16', 0, NULL),
(1601, '2018-09-14', '2018-12-01 09:30:16', 0, NULL),
(1602, '2018-09-14', '2018-12-01 09:30:16', 0, NULL),
(1603, '2018-09-14', '2018-12-01 09:30:16', 0, NULL),
(1604, '2018-09-14', '2018-12-01 09:30:16', 0, NULL),
(1605, '2018-09-14', '2018-12-01 09:30:16', 0, NULL),
(1606, '2018-09-14', '2018-12-01 09:30:16', 0, NULL),
(1607, '2018-09-14', '2018-12-01 09:30:16', 0, NULL),
(1608, '2018-09-14', '2018-12-01 09:30:16', 0, NULL),
(1609, '2018-09-14', '2018-12-01 09:30:16', 0, NULL),
(1610, '2018-09-14', '2018-12-01 09:30:16', 0, NULL),
(1611, '2018-09-14', '2018-12-01 09:30:16', 0, NULL),
(1612, '2018-09-14', '2018-12-01 09:30:16', 0, NULL),
(1613, '2018-09-14', '2018-12-01 09:30:16', 0, NULL),
(1614, '2018-09-14', '2018-12-01 09:30:16', 0, NULL),
(1615, '2018-09-14', '2018-12-01 09:30:16', 0, NULL),
(1616, '2018-09-14', '2018-12-01 09:30:16', 0, NULL),
(1617, '2018-09-14', '2018-12-01 09:30:16', 0, NULL),
(1618, '2018-09-14', '2018-12-01 09:30:16', 0, NULL),
(1619, '2018-09-14', '2018-12-01 09:30:16', 0, NULL),
(1620, '2018-09-15', '2018-12-01 09:30:16', 0, NULL),
(1621, '2018-09-15', '2018-12-01 09:30:16', 0, NULL),
(1622, '2018-09-15', '2018-12-01 09:30:16', 0, NULL),
(1623, '2018-09-15', '2018-12-01 09:30:16', 0, NULL),
(1624, '2018-09-15', '2018-12-01 09:30:16', 0, NULL),
(1625, '2018-09-15', '2018-12-01 09:30:16', 0, NULL),
(1626, '2018-09-15', '2018-12-01 09:30:16', 0, NULL),
(1627, '2018-09-15', '2018-12-01 09:30:16', 0, NULL),
(1628, '2018-09-15', '2018-12-01 09:30:16', 0, NULL),
(1629, '2018-09-15', '2018-12-01 09:30:16', 0, NULL),
(1630, '2018-09-15', '2018-12-01 09:30:16', 0, NULL),
(1631, '2018-09-15', '2018-12-01 09:30:16', 0, NULL),
(1632, '2018-09-15', '2018-12-01 09:30:16', 0, NULL),
(1633, '2018-09-15', '2018-12-01 09:30:16', 0, NULL),
(1634, '2018-09-15', '2018-12-01 09:30:16', 0, NULL),
(1635, '2018-09-15', '2018-12-01 09:30:16', 0, NULL),
(1636, '2018-09-15', '2018-12-01 09:30:16', 0, NULL),
(1637, '2018-09-15', '2018-12-01 09:30:16', 0, NULL),
(1638, '2018-09-16', '2018-12-01 09:30:16', 0, NULL),
(1639, '2018-09-16', '2018-12-01 09:30:16', 0, NULL),
(1640, '2018-09-16', '2018-12-01 09:30:16', 0, NULL),
(1641, '2018-09-16', '2018-12-01 09:30:16', 0, NULL),
(1642, '2018-09-16', '2018-12-01 09:30:16', 0, NULL),
(1643, '2018-09-16', '2018-12-01 09:30:16', 0, NULL),
(1644, '2018-09-16', '2018-12-01 09:30:16', 0, NULL),
(1645, '2018-09-16', '2018-12-01 09:30:16', 0, NULL),
(1646, '2018-09-16', '2018-12-01 09:30:16', 0, NULL),
(1647, '2018-09-16', '2018-12-01 09:30:16', 0, NULL),
(1648, '2018-09-16', '2018-12-01 09:30:16', 0, NULL),
(1649, '2018-09-16', '2018-12-01 09:30:16', 0, NULL),
(1650, '2018-09-16', '2018-12-01 09:30:16', 0, NULL),
(1651, '2018-09-16', '2018-12-01 09:30:16', 0, NULL),
(1652, '2018-09-16', '2018-12-01 09:30:16', 0, NULL),
(1653, '2018-09-16', '2018-12-01 09:30:16', 0, NULL),
(1654, '2018-09-16', '2018-12-01 09:30:16', 0, NULL),
(1655, '2018-09-16', '2018-12-01 09:30:16', 0, NULL),
(1656, '2018-09-16', '2018-12-01 09:30:16', 0, NULL),
(1657, '2018-09-16', '2018-12-01 09:30:16', 0, NULL),
(1658, '2018-09-16', '2018-12-01 09:30:16', 0, NULL),
(1659, '2018-09-17', '2018-12-01 09:30:16', 0, NULL),
(1660, '2018-09-17', '2018-12-01 09:30:16', 0, NULL),
(1661, '2018-09-17', '2018-12-01 09:30:16', 0, NULL),
(1662, '2018-09-17', '2018-12-01 09:30:16', 0, NULL),
(1663, '2018-09-17', '2018-12-01 09:30:16', 0, NULL),
(1664, '2018-09-17', '2018-12-01 09:30:16', 0, NULL),
(1665, '2018-09-17', '2018-12-01 09:30:16', 0, NULL),
(1666, '2018-09-17', '2018-12-01 09:30:16', 0, NULL),
(1667, '2018-09-17', '2018-12-01 09:30:16', 0, NULL),
(1668, '2018-09-17', '2018-12-01 09:30:16', 0, NULL),
(1669, '2018-09-17', '2018-12-01 09:30:16', 0, NULL),
(1670, '2018-09-17', '2018-12-01 09:30:16', 0, NULL),
(1671, '2018-09-17', '2018-12-01 09:30:16', 0, NULL),
(1672, '2018-09-17', '2018-12-01 09:30:16', 0, NULL),
(1673, '2018-09-17', '2018-12-01 09:30:16', 0, NULL),
(1674, '2018-09-17', '2018-12-01 09:30:16', 0, NULL),
(1675, '2018-09-17', '2018-12-01 09:30:16', 0, NULL),
(1676, '2018-09-17', '2018-12-01 09:30:16', 0, NULL),
(1677, '2018-09-17', '2018-12-01 09:30:16', 0, NULL),
(1678, '2018-09-17', '2018-12-01 09:30:16', 0, NULL),
(1679, '2018-09-17', '2018-12-01 09:30:16', 0, NULL),
(1680, '2018-09-17', '2018-12-01 09:30:16', 0, NULL),
(1681, '2018-09-17', '2018-12-01 09:30:16', 0, NULL),
(1682, '2018-09-17', '2018-12-01 09:30:16', 0, NULL),
(1683, '2018-09-18', '2018-12-01 09:30:16', 0, NULL),
(1684, '2018-09-18', '2018-12-01 09:30:16', 0, NULL),
(1685, '2018-09-18', '2018-12-01 09:30:16', 0, NULL),
(1686, '2018-09-18', '2018-12-01 09:30:16', 0, NULL),
(1687, '2018-09-18', '2018-12-01 09:30:16', 0, NULL),
(1688, '2018-09-18', '2018-12-01 09:30:16', 0, NULL),
(1689, '2018-09-18', '2018-12-01 09:30:16', 0, NULL),
(1690, '2018-09-18', '2018-12-01 09:30:16', 0, NULL),
(1691, '2018-09-18', '2018-12-01 09:30:16', 0, NULL),
(1692, '2018-09-18', '2018-12-01 09:30:16', 0, NULL),
(1693, '2018-09-18', '2018-12-01 09:30:16', 0, NULL),
(1694, '2018-09-18', '2018-12-01 09:30:16', 0, NULL),
(1695, '2018-09-18', '2018-12-01 09:30:16', 0, NULL),
(1696, '2018-09-18', '2018-12-01 09:30:16', 0, NULL),
(1697, '2018-09-18', '2018-12-01 09:30:16', 0, NULL),
(1698, '2018-09-18', '2018-12-01 09:30:16', 0, NULL),
(1699, '2018-09-18', '2018-12-01 09:30:16', 0, NULL),
(1700, '2018-09-18', '2018-12-01 09:30:16', 0, NULL),
(1701, '2018-09-18', '2018-12-01 09:30:16', 0, NULL),
(1702, '2018-09-18', '2018-12-01 09:30:16', 0, NULL),
(1703, '2018-09-18', '2018-12-01 09:30:16', 0, NULL),
(1704, '2018-09-18', '2018-12-01 09:30:16', 0, NULL),
(1705, '2018-09-18', '2018-12-01 09:30:16', 0, NULL),
(1706, '2018-09-18', '2018-12-01 09:30:16', 0, NULL),
(1707, '2018-09-18', '2018-12-01 09:30:16', 0, NULL),
(1708, '2018-09-19', '2018-12-01 09:30:16', 0, NULL),
(1709, '2018-09-21', '2018-12-01 09:30:16', 0, NULL),
(1710, '2018-09-21', '2018-12-01 09:30:16', 0, NULL),
(1711, '2018-09-21', '2018-12-01 09:30:16', 0, NULL),
(1712, '2018-09-21', '2018-12-01 09:30:16', 0, NULL),
(1713, '2018-09-21', '2018-12-01 09:30:16', 0, NULL),
(1714, '2018-09-21', '2018-12-01 09:30:16', 0, NULL),
(1715, '2018-09-21', '2018-12-01 09:30:16', 0, NULL),
(1716, '2018-09-21', '2018-12-01 09:30:16', 0, NULL),
(1717, '2018-09-21', '2018-12-01 09:30:16', 0, NULL),
(1718, '2018-09-21', '2018-12-01 09:30:16', 0, NULL),
(1719, '2018-09-21', '2018-12-01 09:30:16', 0, NULL),
(1720, '2018-09-21', '2018-12-01 09:30:16', 0, NULL),
(1721, '2018-09-21', '2018-12-01 09:30:16', 0, NULL),
(1722, '2018-09-21', '2018-12-01 09:30:16', 0, NULL),
(1723, '2018-09-21', '2018-12-01 09:30:16', 0, NULL),
(1724, '2018-09-22', '2018-12-01 09:30:16', 0, NULL),
(1725, '2018-09-22', '2018-12-01 09:30:16', 0, NULL),
(1726, '2018-09-22', '2018-12-01 09:30:16', 0, NULL),
(1727, '2018-09-22', '2018-12-01 09:30:16', 0, NULL),
(1728, '2018-09-22', '2018-12-01 09:30:16', 0, NULL),
(1729, '2018-09-22', '2018-12-01 09:30:16', 0, NULL),
(1730, '2018-09-22', '2018-12-01 09:30:16', 0, NULL),
(1731, '2018-09-22', '2018-12-01 09:30:16', 0, NULL),
(1732, '2018-09-22', '2018-12-01 09:30:16', 0, NULL),
(1733, '2018-09-22', '2018-12-01 09:30:16', 0, NULL),
(1734, '2018-09-22', '2018-12-01 09:30:16', 0, NULL),
(1735, '2018-09-23', '2018-12-01 09:30:16', 0, NULL),
(1736, '2018-09-23', '2018-12-01 09:30:16', 0, NULL),
(1737, '2018-09-23', '2018-12-01 09:30:16', 0, NULL),
(1738, '2018-09-23', '2018-12-01 09:30:16', 0, NULL),
(1739, '2018-09-23', '2018-12-01 09:30:16', 0, NULL),
(1740, '2018-09-23', '2018-12-01 09:30:16', 0, NULL),
(1741, '2018-09-23', '2018-12-01 09:30:16', 0, NULL),
(1742, '2018-09-23', '2018-12-01 09:30:16', 0, NULL),
(1743, '2018-09-23', '2018-12-01 09:30:16', 0, NULL),
(1744, '2018-09-23', '2018-12-01 09:30:16', 0, NULL),
(1745, '2018-09-23', '2018-12-01 09:30:16', 0, NULL),
(1746, '2018-09-23', '2018-12-01 09:30:16', 0, NULL),
(1747, '2018-09-23', '2018-12-01 09:30:16', 0, NULL),
(1748, '2018-09-23', '2018-12-01 09:30:16', 0, NULL),
(1749, '2018-09-23', '2018-12-01 09:30:16', 0, NULL),
(1750, '2018-09-23', '2018-12-01 09:30:16', 0, NULL),
(1751, '2018-09-23', '2018-12-01 09:30:16', 0, NULL),
(1752, '2018-09-23', '2018-12-01 09:30:16', 0, NULL),
(1753, '2018-09-24', '2018-12-01 09:30:16', 0, NULL),
(1754, '2018-09-24', '2018-12-01 09:30:16', 0, NULL),
(1755, '2018-09-24', '2018-12-01 09:30:16', 0, NULL),
(1756, '2018-09-24', '2018-12-01 09:30:16', 0, NULL),
(1757, '2018-09-24', '2018-12-01 09:30:16', 0, NULL),
(1758, '2018-09-24', '2018-12-01 09:30:16', 0, NULL),
(1759, '2018-09-24', '2018-12-01 09:30:16', 0, NULL),
(1760, '2018-09-24', '2018-12-01 09:30:16', 0, NULL),
(1761, '2018-09-24', '2018-12-01 09:30:16', 0, NULL),
(1762, '2018-09-24', '2018-12-01 09:30:16', 0, NULL),
(1763, '2018-09-24', '2018-12-01 09:30:16', 0, NULL),
(1764, '2018-09-24', '2018-12-01 09:30:16', 0, NULL),
(1765, '2018-09-25', '2018-12-01 09:30:16', 0, NULL),
(1766, '2018-09-25', '2018-12-01 09:30:16', 0, NULL),
(1767, '2018-09-25', '2018-12-01 09:30:16', 0, NULL),
(1768, '2018-09-25', '2018-12-01 09:30:16', 0, NULL),
(1769, '2018-09-25', '2018-12-01 09:30:16', 0, NULL),
(1770, '2018-09-25', '2018-12-01 09:30:16', 0, NULL),
(1771, '2018-09-25', '2018-12-01 09:30:16', 0, NULL),
(1772, '2018-09-25', '2018-12-01 09:30:16', 0, NULL),
(1773, '2018-09-25', '2018-12-01 09:30:16', 0, NULL),
(1774, '2018-09-25', '2018-12-01 09:30:16', 0, NULL),
(1775, '2018-09-25', '2018-12-01 09:30:16', 0, NULL),
(1776, '2018-09-25', '2018-12-01 09:30:16', 0, NULL),
(1777, '2018-09-25', '2018-12-01 09:30:16', 0, NULL),
(1778, '2018-09-25', '2018-12-01 09:30:16', 0, NULL),
(1779, '2018-09-25', '2018-12-01 09:30:16', 0, NULL),
(1780, '2018-09-25', '2018-12-01 09:30:16', 0, NULL),
(1781, '2018-09-25', '2018-12-01 09:30:16', 0, NULL),
(1782, '2018-09-25', '2018-12-01 09:30:16', 0, NULL),
(1783, '2018-09-25', '2018-12-01 09:30:16', 0, NULL),
(1784, '2018-09-25', '2018-12-01 09:30:16', 0, NULL),
(1785, '2018-09-25', '2018-12-01 09:30:16', 0, NULL),
(1786, '2018-09-25', '2018-12-01 09:30:16', 0, NULL),
(1787, '2018-09-25', '2018-12-01 09:30:16', 0, NULL),
(1788, '2018-09-25', '2018-12-01 09:30:16', 0, NULL),
(1789, '2018-09-26', '2018-12-01 09:30:16', 0, NULL),
(1790, '2018-09-27', '2018-12-01 09:30:16', 0, NULL),
(1791, '2018-09-27', '2018-12-01 09:30:16', 0, NULL),
(1792, '2018-09-27', '2018-12-01 09:30:16', 0, NULL),
(1793, '2018-09-27', '2018-12-01 09:30:16', 0, NULL),
(1794, '2018-09-27', '2018-12-01 09:30:16', 0, NULL),
(1795, '2018-09-27', '2018-12-01 09:30:16', 0, NULL),
(1796, '2018-09-27', '2018-12-01 09:30:16', 0, NULL),
(1797, '2018-09-27', '2018-12-01 09:30:16', 0, NULL),
(1798, '2018-09-27', '2018-12-01 09:30:16', 0, NULL),
(1799, '2018-09-27', '2018-12-01 09:30:16', 0, NULL),
(1800, '2018-09-28', '2018-12-01 09:30:16', 0, NULL),
(1801, '2018-09-28', '2018-12-01 09:30:16', 0, NULL),
(1802, '2018-09-28', '2018-12-01 09:30:16', 0, NULL),
(1803, '2018-09-28', '2018-12-01 09:30:16', 0, NULL),
(1804, '2018-09-28', '2018-12-01 09:30:16', 0, NULL),
(1805, '2018-09-28', '2018-12-01 09:30:16', 0, NULL),
(1806, '2018-09-28', '2018-12-01 09:30:16', 0, NULL),
(1807, '2018-09-28', '2018-12-01 09:30:16', 0, NULL),
(1808, '2018-09-28', '2018-12-01 09:30:16', 0, NULL),
(1809, '2018-09-28', '2018-12-01 09:30:16', 0, NULL),
(1810, '2018-09-28', '2018-12-01 09:30:16', 0, NULL),
(1811, '2018-09-28', '2018-12-01 09:30:16', 0, NULL),
(1812, '2018-09-28', '2018-12-01 09:30:16', 0, NULL),
(1813, '2018-09-28', '2018-12-01 09:30:16', 0, NULL),
(1814, '2018-09-28', '2018-12-01 09:30:16', 0, NULL),
(1815, '2018-09-28', '2018-12-01 09:30:16', 0, NULL),
(1816, '2018-09-28', '2018-12-01 09:30:16', 0, NULL),
(1817, '2018-09-28', '2018-12-01 09:30:16', 0, NULL),
(1818, '2018-09-28', '2018-12-01 09:30:16', 0, NULL),
(1819, '2018-09-29', '2018-12-01 09:30:16', 0, NULL),
(1820, '2018-09-29', '2018-12-01 09:30:16', 0, NULL),
(1821, '2018-09-29', '2018-12-01 09:30:16', 0, NULL),
(1822, '2018-09-29', '2018-12-01 09:30:16', 0, NULL),
(1823, '2018-09-29', '2018-12-01 09:30:16', 0, NULL),
(1824, '2018-09-29', '2018-12-01 09:30:16', 0, NULL),
(1825, '2018-09-29', '2018-12-01 09:30:16', 0, NULL),
(1826, '2018-09-29', '2018-12-01 09:30:16', 0, NULL),
(1827, '2018-09-29', '2018-12-01 09:30:16', 0, NULL),
(1828, '2018-09-29', '2018-12-01 09:30:16', 0, NULL),
(1829, '2018-09-29', '2018-12-01 09:30:16', 0, NULL),
(1830, '2018-09-29', '2018-12-01 09:30:16', 0, NULL),
(1831, '2018-09-29', '2018-12-01 09:30:16', 0, NULL),
(1832, '2018-09-30', '2018-12-01 09:30:16', 0, NULL),
(1833, '2018-09-30', '2018-12-01 09:30:16', 0, NULL),
(1834, '2018-09-30', '2018-12-01 09:30:16', 0, NULL),
(1835, '2018-09-30', '2018-12-01 09:30:16', 0, NULL),
(1836, '2018-09-30', '2018-12-01 09:30:16', 0, NULL),
(1837, '2018-09-30', '2018-12-01 09:30:16', 0, NULL),
(1838, '2018-09-30', '2018-12-01 09:30:16', 0, NULL),
(1839, '2018-09-30', '2018-12-01 09:30:16', 0, NULL),
(1840, '2018-09-30', '2018-12-01 09:30:16', 0, NULL),
(1841, '2018-09-30', '2018-12-01 09:30:16', 0, NULL),
(1842, '2018-09-30', '2018-12-01 09:30:16', 0, NULL),
(1843, '2018-09-30', '2018-12-01 09:30:16', 0, NULL),
(1844, '2018-09-30', '2018-12-01 09:30:16', 0, NULL),
(1845, '2018-09-30', '2018-12-01 09:30:16', 0, NULL),
(1846, '2018-09-30', '2018-12-01 09:30:16', 0, NULL),
(1847, '2018-10-01', '2018-12-01 09:30:16', 0, NULL),
(1848, '2018-10-01', '2018-12-01 09:30:16', 0, NULL),
(1849, '2018-10-01', '2018-12-01 09:30:16', 0, NULL),
(1850, '2018-10-01', '2018-12-01 09:30:16', 0, NULL),
(1851, '2018-10-01', '2018-12-01 09:30:16', 0, NULL),
(1852, '2018-10-01', '2018-12-01 09:30:16', 0, NULL),
(1853, '2018-10-01', '2018-12-01 09:30:16', 0, NULL),
(1854, '2018-10-01', '2018-12-01 09:30:16', 0, NULL),
(1855, '2018-10-01', '2018-12-01 09:30:16', 0, NULL),
(1856, '2018-10-01', '2018-12-01 09:30:16', 0, NULL),
(1857, '2018-10-01', '2018-12-01 09:30:16', 0, NULL),
(1858, '2018-10-01', '2018-12-01 09:30:16', 0, NULL),
(1859, '2018-10-01', '2018-12-01 09:30:16', 0, NULL),
(1860, '2018-10-01', '2018-12-01 09:30:16', 0, NULL),
(1861, '2018-10-01', '2018-12-01 09:30:16', 0, NULL),
(1862, '2018-10-01', '2018-12-01 09:30:16', 0, NULL),
(1863, '2018-10-01', '2018-12-01 09:30:16', 0, NULL),
(1864, '2018-10-01', '2018-12-01 09:30:16', 0, NULL),
(1865, '2018-10-02', '2018-12-01 09:30:16', 0, NULL),
(1866, '2018-10-02', '2018-12-01 09:30:16', 0, NULL),
(1867, '2018-10-03', '2018-12-01 09:30:16', 0, NULL),
(1868, '2018-10-03', '2018-12-01 09:30:16', 0, NULL),
(1869, '2018-10-03', '2018-12-01 09:30:16', 0, NULL),
(1870, '2018-10-03', '2018-12-01 09:30:16', 0, NULL),
(1871, '2018-10-03', '2018-12-01 09:30:16', 0, NULL),
(1872, '2018-10-04', '2018-12-01 09:30:16', 0, NULL),
(1873, '2018-10-04', '2018-12-01 09:30:16', 0, NULL),
(1874, '2018-10-04', '2018-12-01 09:30:16', 0, NULL),
(1875, '2018-10-04', '2018-12-01 09:30:16', 0, NULL),
(1876, '2018-10-04', '2018-12-01 09:30:16', 0, NULL),
(1877, '2018-10-04', '2018-12-01 09:30:16', 0, NULL),
(1878, '2018-10-04', '2018-12-01 09:30:16', 0, NULL),
(1879, '2018-10-04', '2018-12-01 09:30:16', 0, NULL),
(1880, '2018-10-05', '2018-12-01 09:30:16', 0, NULL),
(1881, '2018-10-05', '2018-12-01 09:30:16', 0, NULL),
(1882, '2018-10-05', '2018-12-01 09:30:16', 0, NULL),
(1883, '2018-10-05', '2018-12-01 09:30:16', 0, NULL),
(1884, '2018-10-05', '2018-12-01 09:30:16', 0, NULL),
(1885, '2018-10-05', '2018-12-01 09:30:16', 0, NULL),
(1886, '2018-10-05', '2018-12-01 09:30:16', 0, NULL),
(1887, '2018-10-05', '2018-12-01 09:30:16', 0, NULL),
(1888, '2018-10-05', '2018-12-01 09:30:16', 0, NULL),
(1889, '2018-10-05', '2018-12-01 09:30:16', 0, NULL),
(1890, '2018-10-05', '2018-12-01 09:30:16', 0, NULL),
(1891, '2018-10-05', '2018-12-01 09:30:16', 0, NULL),
(1892, '2018-10-05', '2018-12-01 09:30:16', 0, NULL),
(1893, '2018-10-05', '2018-12-01 09:30:16', 0, NULL),
(1894, '2018-10-05', '2018-12-01 09:30:16', 0, NULL),
(1895, '2018-10-05', '2018-12-01 09:30:16', 0, NULL),
(1896, '2018-10-05', '2018-12-01 09:30:16', 0, NULL),
(1897, '2018-10-05', '2018-12-01 09:30:16', 0, NULL),
(1898, '2018-10-05', '2018-12-01 09:30:16', 0, NULL),
(1899, '2018-10-05', '2018-12-01 09:30:16', 0, NULL),
(1900, '2018-10-05', '2018-12-01 09:30:16', 0, NULL),
(1901, '2018-10-06', '2018-12-01 09:30:16', 0, NULL),
(1902, '2018-10-06', '2018-12-01 09:30:16', 0, NULL),
(1903, '2018-10-06', '2018-12-01 09:30:16', 0, NULL),
(1904, '2018-10-06', '2018-12-01 09:30:16', 0, NULL),
(1905, '2018-10-06', '2018-12-01 09:30:16', 0, NULL),
(1906, '2018-10-06', '2018-12-01 09:30:16', 0, NULL),
(1907, '2018-10-06', '2018-12-01 09:30:16', 0, NULL),
(1908, '2018-10-06', '2018-12-01 09:30:16', 0, NULL),
(1909, '2018-10-06', '2018-12-01 09:30:16', 0, NULL),
(1910, '2018-10-07', '2018-12-01 09:30:16', 0, NULL),
(1911, '2018-10-07', '2018-12-01 09:30:16', 0, NULL),
(1912, '2018-10-07', '2018-12-01 09:30:16', 0, NULL),
(1913, '2018-10-07', '2018-12-01 09:30:16', 0, NULL),
(1914, '2018-10-07', '2018-12-01 09:30:16', 0, NULL),
(1915, '2018-10-07', '2018-12-01 09:30:16', 0, NULL),
(1916, '2018-10-07', '2018-12-01 09:30:16', 0, NULL),
(1917, '2018-10-07', '2018-12-01 09:30:16', 0, NULL),
(1918, '2018-10-07', '2018-12-01 09:30:16', 0, NULL),
(1919, '2018-10-07', '2018-12-01 09:30:16', 0, NULL),
(1920, '2018-10-07', '2018-12-01 09:30:16', 0, NULL),
(1921, '2018-10-07', '2018-12-01 09:30:16', 0, NULL),
(1922, '2018-10-07', '2018-12-01 09:30:16', 0, NULL),
(1923, '2018-10-07', '2018-12-01 09:30:16', 0, NULL),
(1924, '2018-10-07', '2018-12-01 09:30:16', 0, NULL),
(1925, '2018-10-07', '2018-12-01 09:30:16', 0, NULL),
(1926, '2018-10-07', '2018-12-01 09:30:16', 0, NULL),
(1927, '2018-10-07', '2018-12-01 09:30:16', 0, NULL),
(1928, '2018-10-07', '2018-12-01 09:30:16', 0, NULL),
(1929, '2018-10-07', '2018-12-01 09:30:16', 0, NULL),
(1930, '2018-10-07', '2018-12-01 09:30:16', 0, NULL),
(1931, '2018-10-07', '2018-12-01 09:30:16', 0, NULL),
(1932, '2018-10-07', '2018-12-01 09:30:16', 0, NULL),
(1933, '2018-10-07', '2018-12-01 09:30:16', 0, NULL),
(1934, '2018-10-07', '2018-12-01 09:30:16', 0, NULL),
(1935, '2018-10-08', '2018-12-01 09:30:16', 0, NULL),
(1936, '2018-10-08', '2018-12-01 09:30:16', 0, NULL),
(1937, '2018-10-08', '2018-12-01 09:30:16', 0, NULL),
(1938, '2018-10-08', '2018-12-01 09:30:16', 0, NULL),
(1939, '2018-10-08', '2018-12-01 09:30:16', 0, NULL),
(1940, '2018-10-08', '2018-12-01 09:30:16', 0, NULL);
INSERT INTO `login_statistics` (`id`, `logged_at`, `added_at`, `deleted`, `deleted_at`) VALUES
(1941, '2018-10-08', '2018-12-01 09:30:16', 0, NULL),
(1942, '2018-10-08', '2018-12-01 09:30:16', 0, NULL),
(1943, '2018-10-08', '2018-12-01 09:30:16', 0, NULL),
(1944, '2018-10-08', '2018-12-01 09:30:16', 0, NULL),
(1945, '2018-10-08', '2018-12-01 09:30:16', 0, NULL),
(1946, '2018-10-08', '2018-12-01 09:30:16', 0, NULL),
(1947, '2018-10-08', '2018-12-01 09:30:16', 0, NULL),
(1948, '2018-10-08', '2018-12-01 09:30:16', 0, NULL),
(1949, '2018-10-08', '2018-12-01 09:30:16', 0, NULL),
(1950, '2018-10-08', '2018-12-01 09:30:16', 0, NULL),
(1951, '2018-10-08', '2018-12-01 09:30:16', 0, NULL),
(1952, '2018-10-09', '2018-12-01 09:30:16', 0, NULL),
(1953, '2018-10-09', '2018-12-01 09:30:16', 0, NULL),
(1954, '2018-10-09', '2018-12-01 09:30:16', 0, NULL),
(1955, '2018-10-09', '2018-12-01 09:30:16', 0, NULL),
(1956, '2018-10-09', '2018-12-01 09:30:16', 0, NULL),
(1957, '2018-10-09', '2018-12-01 09:30:16', 0, NULL),
(1958, '2018-10-09', '2018-12-01 09:30:16', 0, NULL),
(1959, '2018-10-09', '2018-12-01 09:30:16', 0, NULL),
(1960, '2018-10-09', '2018-12-01 09:30:16', 0, NULL),
(1961, '2018-10-09', '2018-12-01 09:30:16', 0, NULL),
(1962, '2018-10-09', '2018-12-01 09:30:16', 0, NULL),
(1963, '2018-10-09', '2018-12-01 09:30:16', 0, NULL),
(1964, '2018-10-09', '2018-12-01 09:30:16', 0, NULL),
(1965, '2018-10-09', '2018-12-01 09:30:16', 0, NULL),
(1966, '2018-10-09', '2018-12-01 09:30:16', 0, NULL),
(1967, '2018-10-09', '2018-12-01 09:30:16', 0, NULL),
(1968, '2018-10-09', '2018-12-01 09:30:16', 0, NULL),
(1969, '2018-10-10', '2018-12-01 09:30:16', 0, NULL),
(1970, '2018-10-10', '2018-12-01 09:30:16', 0, NULL),
(1971, '2018-10-10', '2018-12-01 09:30:16', 0, NULL),
(1972, '2018-10-10', '2018-12-01 09:30:16', 0, NULL),
(1973, '2018-10-10', '2018-12-01 09:30:16', 0, NULL),
(1974, '2018-10-10', '2018-12-01 09:30:16', 0, NULL),
(1975, '2018-10-10', '2018-12-01 09:30:16', 0, NULL),
(1976, '2018-10-10', '2018-12-01 09:30:16', 0, NULL),
(1977, '2018-10-10', '2018-12-01 09:30:16', 0, NULL),
(1978, '2018-10-10', '2018-12-01 09:30:16', 0, NULL),
(1979, '2018-10-10', '2018-12-01 09:30:16', 0, NULL),
(1980, '2018-10-10', '2018-12-01 09:30:16', 0, NULL),
(1981, '2018-10-10', '2018-12-01 09:30:16', 0, NULL),
(1982, '2018-10-10', '2018-12-01 09:30:16', 0, NULL),
(1983, '2018-10-10', '2018-12-01 09:30:16', 0, NULL),
(1984, '2018-10-10', '2018-12-01 09:30:16', 0, NULL),
(1985, '2018-10-11', '2018-12-01 09:30:16', 0, NULL),
(1986, '2018-10-11', '2018-12-01 09:30:16', 0, NULL),
(1987, '2018-10-11', '2018-12-01 09:30:16', 0, NULL),
(1988, '2018-10-11', '2018-12-01 09:30:16', 0, NULL),
(1989, '2018-10-11', '2018-12-01 09:30:16', 0, NULL),
(1990, '2018-10-11', '2018-12-01 09:30:16', 0, NULL),
(1991, '2018-10-11', '2018-12-01 09:30:16', 0, NULL),
(1992, '2018-10-11', '2018-12-01 09:30:16', 0, NULL),
(1993, '2018-10-11', '2018-12-01 09:30:16', 0, NULL),
(1994, '2018-10-11', '2018-12-01 09:30:16', 0, NULL),
(1995, '2018-10-11', '2018-12-01 09:30:16', 0, NULL),
(1996, '2018-10-11', '2018-12-01 09:30:16', 0, NULL),
(1997, '2018-10-11', '2018-12-01 09:30:16', 0, NULL),
(1998, '2018-10-11', '2018-12-01 09:30:16', 0, NULL),
(1999, '2018-10-11', '2018-12-01 09:30:16', 0, NULL),
(2000, '2018-10-11', '2018-12-01 09:30:16', 0, NULL),
(2001, '2018-10-11', '2018-12-01 09:30:16', 0, NULL),
(2002, '2018-10-11', '2018-12-01 09:30:16', 0, NULL),
(2003, '2018-10-11', '2018-12-01 09:30:16', 0, NULL),
(2004, '2018-10-11', '2018-12-01 09:30:16', 0, NULL),
(2005, '2018-10-11', '2018-12-01 09:30:16', 0, NULL),
(2006, '2018-10-12', '2018-12-01 09:30:16', 0, NULL),
(2007, '2018-10-13', '2018-12-01 09:30:16', 0, NULL),
(2008, '2018-10-13', '2018-12-01 09:30:16', 0, NULL),
(2009, '2018-10-13', '2018-12-01 09:30:16', 0, NULL),
(2010, '2018-10-13', '2018-12-01 09:30:16', 0, NULL),
(2011, '2018-10-13', '2018-12-01 09:30:16', 0, NULL),
(2012, '2018-10-13', '2018-12-01 09:30:16', 0, NULL),
(2013, '2018-10-13', '2018-12-01 09:30:16', 0, NULL),
(2014, '2018-10-13', '2018-12-01 09:30:16', 0, NULL),
(2015, '2018-10-13', '2018-12-01 09:30:16', 0, NULL),
(2016, '2018-10-13', '2018-12-01 09:30:16', 0, NULL),
(2017, '2018-10-13', '2018-12-01 09:30:16', 0, NULL),
(2018, '2018-10-14', '2018-12-01 09:30:16', 0, NULL),
(2019, '2018-10-14', '2018-12-01 09:30:16', 0, NULL),
(2020, '2018-10-14', '2018-12-01 09:30:16', 0, NULL),
(2021, '2018-10-14', '2018-12-01 09:30:16', 0, NULL),
(2022, '2018-10-14', '2018-12-01 09:30:16', 0, NULL),
(2023, '2018-10-14', '2018-12-01 09:30:16', 0, NULL),
(2024, '2018-10-15', '2018-12-01 09:30:16', 0, NULL),
(2025, '2018-10-15', '2018-12-01 09:30:16', 0, NULL),
(2026, '2018-10-15', '2018-12-01 09:30:16', 0, NULL),
(2027, '2018-10-15', '2018-12-01 09:30:16', 0, NULL),
(2028, '2018-10-15', '2018-12-01 09:30:16', 0, NULL),
(2029, '2018-10-15', '2018-12-01 09:30:16', 0, NULL),
(2030, '2018-10-15', '2018-12-01 09:30:16', 0, NULL),
(2031, '2018-10-15', '2018-12-01 09:30:16', 0, NULL),
(2032, '2018-10-15', '2018-12-01 09:30:16', 0, NULL),
(2033, '2018-10-15', '2018-12-01 09:30:16', 0, NULL),
(2034, '2018-10-15', '2018-12-01 09:30:16', 0, NULL),
(2035, '2018-10-15', '2018-12-01 09:30:16', 0, NULL),
(2036, '2018-10-15', '2018-12-01 09:30:16', 0, NULL),
(2037, '2018-10-15', '2018-12-01 09:30:16', 0, NULL),
(2038, '2018-10-15', '2018-12-01 09:30:16', 0, NULL),
(2039, '2018-10-15', '2018-12-01 09:30:16', 0, NULL),
(2040, '2018-10-15', '2018-12-01 09:30:16', 0, NULL),
(2041, '2018-10-15', '2018-12-01 09:30:16', 0, NULL),
(2042, '2018-10-15', '2018-12-01 09:30:16', 0, NULL),
(2043, '2018-10-16', '2018-12-01 09:30:16', 0, NULL),
(2044, '2018-10-16', '2018-12-01 09:30:16', 0, NULL),
(2045, '2018-10-16', '2018-12-01 09:30:16', 0, NULL),
(2046, '2018-10-16', '2018-12-01 09:30:16', 0, NULL),
(2047, '2018-10-16', '2018-12-01 09:30:16', 0, NULL),
(2048, '2018-10-16', '2018-12-01 09:30:16', 0, NULL),
(2049, '2018-10-16', '2018-12-01 09:30:16', 0, NULL),
(2050, '2018-10-16', '2018-12-01 09:30:16', 0, NULL),
(2051, '2018-10-16', '2018-12-01 09:30:16', 0, NULL),
(2052, '2018-10-16', '2018-12-01 09:30:16', 0, NULL),
(2053, '2018-10-16', '2018-12-01 09:30:16', 0, NULL),
(2054, '2018-10-16', '2018-12-01 09:30:16', 0, NULL),
(2055, '2018-10-16', '2018-12-01 09:30:16', 0, NULL),
(2056, '2018-10-17', '2018-12-01 09:30:16', 0, NULL),
(2057, '2018-10-17', '2018-12-01 09:30:16', 0, NULL),
(2058, '2018-10-17', '2018-12-01 09:30:16', 0, NULL),
(2059, '2018-10-17', '2018-12-01 09:30:16', 0, NULL),
(2060, '2018-10-17', '2018-12-01 09:30:16', 0, NULL),
(2061, '2018-10-17', '2018-12-01 09:30:16', 0, NULL),
(2062, '2018-10-17', '2018-12-01 09:30:16', 0, NULL),
(2063, '2018-10-17', '2018-12-01 09:30:16', 0, NULL),
(2064, '2018-10-17', '2018-12-01 09:30:16', 0, NULL),
(2065, '2018-10-17', '2018-12-01 09:30:16', 0, NULL),
(2066, '2018-10-17', '2018-12-01 09:30:16', 0, NULL),
(2067, '2018-10-18', '2018-12-01 09:30:16', 0, NULL),
(2068, '2018-10-18', '2018-12-01 09:30:16', 0, NULL),
(2069, '2018-10-18', '2018-12-01 09:30:16', 0, NULL),
(2070, '2018-10-18', '2018-12-01 09:30:16', 0, NULL),
(2071, '2018-10-18', '2018-12-01 09:30:16', 0, NULL),
(2072, '2018-10-18', '2018-12-01 09:30:16', 0, NULL),
(2073, '2018-10-18', '2018-12-01 09:30:16', 0, NULL),
(2074, '2018-10-18', '2018-12-01 09:30:16', 0, NULL),
(2075, '2018-10-18', '2018-12-01 09:30:16', 0, NULL),
(2076, '2018-10-19', '2018-12-01 09:30:16', 0, NULL),
(2077, '2018-10-19', '2018-12-01 09:30:16', 0, NULL),
(2078, '2018-10-19', '2018-12-01 09:30:16', 0, NULL),
(2079, '2018-10-19', '2018-12-01 09:30:16', 0, NULL),
(2080, '2018-10-19', '2018-12-01 09:30:16', 0, NULL),
(2081, '2018-10-19', '2018-12-01 09:30:16', 0, NULL),
(2082, '2018-10-19', '2018-12-01 09:30:16', 0, NULL),
(2083, '2018-10-19', '2018-12-01 09:30:16', 0, NULL),
(2084, '2018-10-19', '2018-12-01 09:30:16', 0, NULL),
(2085, '2018-10-19', '2018-12-01 09:30:16', 0, NULL),
(2086, '2018-10-19', '2018-12-01 09:30:16', 0, NULL),
(2087, '2018-10-19', '2018-12-01 09:30:16', 0, NULL),
(2088, '2018-10-19', '2018-12-01 09:30:16', 0, NULL),
(2089, '2018-10-20', '2018-12-01 09:30:16', 0, NULL),
(2090, '2018-10-20', '2018-12-01 09:30:16', 0, NULL),
(2091, '2018-10-20', '2018-12-01 09:30:16', 0, NULL),
(2092, '2018-10-20', '2018-12-01 09:30:16', 0, NULL),
(2093, '2018-10-20', '2018-12-01 09:30:16', 0, NULL),
(2094, '2018-10-20', '2018-12-01 09:30:16', 0, NULL),
(2095, '2018-10-20', '2018-12-01 09:30:16', 0, NULL),
(2096, '2018-10-20', '2018-12-01 09:30:16', 0, NULL),
(2097, '2018-10-20', '2018-12-01 09:30:16', 0, NULL),
(2098, '2018-10-20', '2018-12-01 09:30:16', 0, NULL),
(2099, '2018-10-20', '2018-12-01 09:30:16', 0, NULL),
(2100, '2018-10-20', '2018-12-01 09:30:16', 0, NULL),
(2101, '2018-10-20', '2018-12-01 09:30:16', 0, NULL),
(2102, '2018-10-20', '2018-12-01 09:30:16', 0, NULL),
(2103, '2018-10-20', '2018-12-01 09:30:16', 0, NULL),
(2104, '2018-10-20', '2018-12-01 09:30:16', 0, NULL),
(2105, '2018-10-21', '2018-12-01 09:30:16', 0, NULL),
(2106, '2018-10-21', '2018-12-01 09:30:16', 0, NULL),
(2107, '2018-10-21', '2018-12-01 09:30:16', 0, NULL),
(2108, '2018-10-21', '2018-12-01 09:30:16', 0, NULL),
(2109, '2018-10-21', '2018-12-01 09:30:16', 0, NULL),
(2110, '2018-10-21', '2018-12-01 09:30:16', 0, NULL),
(2111, '2018-10-21', '2018-12-01 09:30:16', 0, NULL),
(2112, '2018-10-22', '2018-12-01 09:30:16', 0, NULL),
(2113, '2018-10-22', '2018-12-01 09:30:16', 0, NULL),
(2114, '2018-10-22', '2018-12-01 09:30:16', 0, NULL),
(2115, '2018-10-22', '2018-12-01 09:30:16', 0, NULL),
(2116, '2018-10-22', '2018-12-01 09:30:16', 0, NULL),
(2117, '2018-10-22', '2018-12-01 09:30:16', 0, NULL),
(2118, '2018-10-22', '2018-12-01 09:30:16', 0, NULL),
(2119, '2018-10-22', '2018-12-01 09:30:16', 0, NULL),
(2120, '2018-10-22', '2018-12-01 09:30:16', 0, NULL),
(2121, '2018-10-22', '2018-12-01 09:30:16', 0, NULL),
(2122, '2018-10-22', '2018-12-01 09:30:16', 0, NULL),
(2123, '2018-10-22', '2018-12-01 09:30:16', 0, NULL),
(2124, '2018-10-22', '2018-12-01 09:30:16', 0, NULL),
(2125, '2018-10-22', '2018-12-01 09:30:16', 0, NULL),
(2126, '2018-10-22', '2018-12-01 09:30:16', 0, NULL),
(2127, '2018-10-22', '2018-12-01 09:30:16', 0, NULL),
(2128, '2018-10-22', '2018-12-01 09:30:16', 0, NULL),
(2129, '2018-10-22', '2018-12-01 09:30:16', 0, NULL),
(2130, '2018-10-22', '2018-12-01 09:30:16', 0, NULL),
(2131, '2018-10-22', '2018-12-01 09:30:16', 0, NULL),
(2132, '2018-10-22', '2018-12-01 09:30:16', 0, NULL),
(2133, '2018-10-22', '2018-12-01 09:30:16', 0, NULL),
(2134, '2018-10-22', '2018-12-01 09:30:16', 0, NULL),
(2135, '2018-10-22', '2018-12-01 09:30:16', 0, NULL),
(2136, '2018-10-22', '2018-12-01 09:30:16', 0, NULL),
(2137, '2018-10-23', '2018-12-01 09:30:16', 0, NULL),
(2138, '2018-10-23', '2018-12-01 09:30:16', 0, NULL),
(2139, '2018-10-23', '2018-12-01 09:30:16', 0, NULL),
(2140, '2018-10-23', '2018-12-01 09:30:16', 0, NULL),
(2141, '2018-10-23', '2018-12-01 09:30:16', 0, NULL),
(2142, '2018-10-23', '2018-12-01 09:30:16', 0, NULL),
(2143, '2018-10-23', '2018-12-01 09:30:16', 0, NULL),
(2144, '2018-10-23', '2018-12-01 09:30:16', 0, NULL),
(2145, '2018-10-23', '2018-12-01 09:30:16', 0, NULL),
(2146, '2018-10-23', '2018-12-01 09:30:16', 0, NULL),
(2147, '2018-10-23', '2018-12-01 09:30:16', 0, NULL),
(2148, '2018-10-23', '2018-12-01 09:30:16', 0, NULL),
(2149, '2018-10-23', '2018-12-01 09:30:16', 0, NULL),
(2150, '2018-10-23', '2018-12-01 09:30:16', 0, NULL),
(2151, '2018-10-23', '2018-12-01 09:30:16', 0, NULL),
(2152, '2018-10-23', '2018-12-01 09:30:16', 0, NULL),
(2153, '2018-10-23', '2018-12-01 09:30:16', 0, NULL),
(2154, '2018-10-23', '2018-12-01 09:30:16', 0, NULL),
(2155, '2018-10-23', '2018-12-01 09:30:16', 0, NULL),
(2156, '2018-10-23', '2018-12-01 09:30:16', 0, NULL),
(2157, '2018-10-24', '2018-12-01 09:30:16', 0, NULL),
(2158, '2018-10-24', '2018-12-01 09:30:16', 0, NULL),
(2159, '2018-10-24', '2018-12-01 09:30:16', 0, NULL),
(2160, '2018-10-24', '2018-12-01 09:30:16', 0, NULL),
(2161, '2018-10-24', '2018-12-01 09:30:16', 0, NULL),
(2162, '2018-10-24', '2018-12-01 09:30:16', 0, NULL),
(2163, '2018-10-24', '2018-12-01 09:30:16', 0, NULL),
(2164, '2018-10-25', '2018-12-01 09:30:16', 0, NULL),
(2165, '2018-10-25', '2018-12-01 09:30:16', 0, NULL),
(2166, '2018-10-25', '2018-12-01 09:30:16', 0, NULL),
(2167, '2018-10-25', '2018-12-01 09:30:16', 0, NULL),
(2168, '2018-10-25', '2018-12-01 09:30:16', 0, NULL),
(2169, '2018-10-25', '2018-12-01 09:30:16', 0, NULL),
(2170, '2018-10-25', '2018-12-01 09:30:16', 0, NULL),
(2171, '2018-10-25', '2018-12-01 09:30:16', 0, NULL),
(2172, '2018-10-25', '2018-12-01 09:30:16', 0, NULL),
(2173, '2018-10-25', '2018-12-01 09:30:16', 0, NULL),
(2174, '2018-10-25', '2018-12-01 09:30:16', 0, NULL),
(2175, '2018-10-25', '2018-12-01 09:30:16', 0, NULL),
(2176, '2018-10-25', '2018-12-01 09:30:16', 0, NULL),
(2177, '2018-10-25', '2018-12-01 09:30:16', 0, NULL),
(2178, '2018-10-25', '2018-12-01 09:30:16', 0, NULL),
(2179, '2018-10-25', '2018-12-01 09:30:16', 0, NULL),
(2180, '2018-10-25', '2018-12-01 09:30:16', 0, NULL),
(2181, '2018-10-25', '2018-12-01 09:30:16', 0, NULL),
(2182, '2018-10-26', '2018-12-01 09:30:16', 0, NULL),
(2183, '2018-10-26', '2018-12-01 09:30:16', 0, NULL),
(2184, '2018-10-26', '2018-12-01 09:30:16', 0, NULL),
(2185, '2018-10-26', '2018-12-01 09:30:16', 0, NULL),
(2186, '2018-10-26', '2018-12-01 09:30:16', 0, NULL),
(2187, '2018-10-26', '2018-12-01 09:30:16', 0, NULL),
(2188, '2018-10-26', '2018-12-01 09:30:16', 0, NULL),
(2189, '2018-10-26', '2018-12-01 09:30:16', 0, NULL),
(2190, '2018-10-26', '2018-12-01 09:30:16', 0, NULL),
(2191, '2018-10-26', '2018-12-01 09:30:16', 0, NULL),
(2192, '2018-10-26', '2018-12-01 09:30:16', 0, NULL),
(2193, '2018-10-26', '2018-12-01 09:30:16', 0, NULL),
(2194, '2018-10-26', '2018-12-01 09:30:16', 0, NULL),
(2195, '2018-10-26', '2018-12-01 09:30:16', 0, NULL),
(2196, '2018-10-27', '2018-12-01 09:30:16', 0, NULL),
(2197, '2018-10-27', '2018-12-01 09:30:16', 0, NULL),
(2198, '2018-10-27', '2018-12-01 09:30:16', 0, NULL),
(2199, '2018-10-27', '2018-12-01 09:30:16', 0, NULL),
(2200, '2018-10-27', '2018-12-01 09:30:16', 0, NULL),
(2201, '2018-10-27', '2018-12-01 09:30:16', 0, NULL),
(2202, '2018-10-27', '2018-12-01 09:30:16', 0, NULL),
(2203, '2018-10-27', '2018-12-01 09:30:16', 0, NULL),
(2204, '2018-10-27', '2018-12-01 09:30:16', 0, NULL),
(2205, '2018-10-27', '2018-12-01 09:30:16', 0, NULL),
(2206, '2018-10-27', '2018-12-01 09:30:16', 0, NULL),
(2207, '2018-10-27', '2018-12-01 09:30:16', 0, NULL),
(2208, '2018-10-27', '2018-12-01 09:30:16', 0, NULL),
(2209, '2018-10-27', '2018-12-01 09:30:16', 0, NULL),
(2210, '2018-10-27', '2018-12-01 09:30:16', 0, NULL),
(2211, '2018-10-28', '2018-12-01 09:30:16', 0, NULL),
(2212, '2018-10-28', '2018-12-01 09:30:16', 0, NULL),
(2213, '2018-10-28', '2018-12-01 09:30:16', 0, NULL),
(2214, '2018-10-28', '2018-12-01 09:30:16', 0, NULL),
(2215, '2018-10-28', '2018-12-01 09:30:16', 0, NULL),
(2216, '2018-10-28', '2018-12-01 09:30:16', 0, NULL),
(2217, '2018-10-28', '2018-12-01 09:30:16', 0, NULL),
(2218, '2018-10-28', '2018-12-01 09:30:16', 0, NULL),
(2219, '2018-10-28', '2018-12-01 09:30:16', 0, NULL),
(2220, '2018-10-28', '2018-12-01 09:30:16', 0, NULL),
(2221, '2018-10-28', '2018-12-01 09:30:16', 0, NULL),
(2222, '2018-10-28', '2018-12-01 09:30:16', 0, NULL),
(2223, '2018-10-28', '2018-12-01 09:30:16', 0, NULL),
(2224, '2018-10-28', '2018-12-01 09:30:16', 0, NULL),
(2225, '2018-10-28', '2018-12-01 09:30:16', 0, NULL),
(2226, '2018-10-29', '2018-12-01 09:30:16', 0, NULL),
(2227, '2018-10-29', '2018-12-01 09:30:16', 0, NULL),
(2228, '2018-10-29', '2018-12-01 09:30:16', 0, NULL),
(2229, '2018-10-29', '2018-12-01 09:30:16', 0, NULL),
(2230, '2018-10-29', '2018-12-01 09:30:16', 0, NULL),
(2231, '2018-10-29', '2018-12-01 09:30:16', 0, NULL),
(2232, '2018-10-29', '2018-12-01 09:30:16', 0, NULL),
(2233, '2018-10-29', '2018-12-01 09:30:16', 0, NULL),
(2234, '2018-10-29', '2018-12-01 09:30:16', 0, NULL),
(2235, '2018-10-29', '2018-12-01 09:30:16', 0, NULL),
(2236, '2018-10-29', '2018-12-01 09:30:16', 0, NULL),
(2237, '2018-10-29', '2018-12-01 09:30:16', 0, NULL),
(2238, '2018-10-29', '2018-12-01 09:30:16', 0, NULL),
(2239, '2018-10-29', '2018-12-01 09:30:16', 0, NULL),
(2240, '2018-10-29', '2018-12-01 09:30:16', 0, NULL),
(2241, '2018-10-29', '2018-12-01 09:30:16', 0, NULL),
(2242, '2018-10-29', '2018-12-01 09:30:16', 0, NULL),
(2243, '2018-10-29', '2018-12-01 09:30:16', 0, NULL),
(2244, '2018-10-30', '2018-12-01 09:30:16', 0, NULL),
(2245, '2018-10-30', '2018-12-01 09:30:16', 0, NULL),
(2246, '2018-10-30', '2018-12-01 09:30:16', 0, NULL),
(2247, '2018-10-30', '2018-12-01 09:30:16', 0, NULL),
(2248, '2018-10-30', '2018-12-01 09:30:16', 0, NULL),
(2249, '2018-10-30', '2018-12-01 09:30:16', 0, NULL),
(2250, '2018-10-30', '2018-12-01 09:30:16', 0, NULL),
(2251, '2018-10-30', '2018-12-01 09:30:16', 0, NULL),
(2252, '2018-10-30', '2018-12-01 09:30:16', 0, NULL),
(2253, '2018-10-30', '2018-12-01 09:30:16', 0, NULL),
(2254, '2018-10-30', '2018-12-01 09:30:16', 0, NULL),
(2255, '2018-10-31', '2018-12-01 09:30:16', 0, NULL),
(2256, '2018-10-31', '2018-12-01 09:30:16', 0, NULL),
(2257, '2018-10-31', '2018-12-01 09:30:16', 0, NULL),
(2258, '2018-11-01', '2018-12-01 09:30:16', 0, NULL),
(2259, '2018-11-01', '2018-12-01 09:30:16', 0, NULL),
(2260, '2018-11-01', '2018-12-01 09:30:16', 0, NULL),
(2261, '2018-11-01', '2018-12-01 09:30:16', 0, NULL),
(2262, '2018-11-01', '2018-12-01 09:30:16', 0, NULL),
(2263, '2018-11-01', '2018-12-01 09:30:16', 0, NULL),
(2264, '2018-11-01', '2018-12-01 09:30:16', 0, NULL),
(2265, '2018-11-01', '2018-12-01 09:30:16', 0, NULL),
(2266, '2018-11-01', '2018-12-01 09:30:16', 0, NULL),
(2267, '2018-11-01', '2018-12-01 09:30:16', 0, NULL),
(2268, '2018-11-01', '2018-12-01 09:30:16', 0, NULL),
(2269, '2018-11-01', '2018-12-01 09:30:16', 0, NULL),
(2270, '2018-11-01', '2018-12-01 09:30:16', 0, NULL),
(2271, '2018-11-02', '2018-12-01 09:30:16', 0, NULL),
(2272, '2018-11-02', '2018-12-01 09:30:16', 0, NULL),
(2273, '2018-11-02', '2018-12-01 09:30:16', 0, NULL),
(2274, '2018-11-02', '2018-12-01 09:30:16', 0, NULL),
(2275, '2018-11-02', '2018-12-01 09:30:16', 0, NULL),
(2276, '2018-11-02', '2018-12-01 09:30:16', 0, NULL),
(2277, '2018-11-02', '2018-12-01 09:30:16', 0, NULL),
(2278, '2018-11-02', '2018-12-01 09:30:16', 0, NULL),
(2279, '2018-11-02', '2018-12-01 09:30:16', 0, NULL),
(2280, '2018-11-03', '2018-12-01 09:30:16', 0, NULL),
(2281, '2018-11-04', '2018-12-01 09:30:16', 0, NULL),
(2282, '2018-11-04', '2018-12-01 09:30:16', 0, NULL),
(2283, '2018-11-04', '2018-12-01 09:30:16', 0, NULL),
(2284, '2018-11-04', '2018-12-01 09:30:16', 0, NULL),
(2285, '2018-11-04', '2018-12-01 09:30:16', 0, NULL),
(2286, '2018-11-04', '2018-12-01 09:30:16', 0, NULL),
(2287, '2018-11-04', '2018-12-01 09:30:16', 0, NULL),
(2288, '2018-11-04', '2018-12-01 09:30:16', 0, NULL),
(2289, '2018-11-04', '2018-12-01 09:30:16', 0, NULL),
(2290, '2018-11-04', '2018-12-01 09:30:16', 0, NULL),
(2291, '2018-11-04', '2018-12-01 09:30:16', 0, NULL),
(2292, '2018-11-04', '2018-12-01 09:30:16', 0, NULL),
(2293, '2018-11-04', '2018-12-01 09:30:16', 0, NULL),
(2294, '2018-11-04', '2018-12-01 09:30:16', 0, NULL),
(2295, '2018-11-04', '2018-12-01 09:30:16', 0, NULL),
(2296, '2018-11-04', '2018-12-01 09:30:16', 0, NULL),
(2297, '2018-11-04', '2018-12-01 09:30:16', 0, NULL),
(2298, '2018-11-04', '2018-12-01 09:30:16', 0, NULL),
(2299, '2018-11-04', '2018-12-01 09:30:16', 0, NULL),
(2300, '2018-11-04', '2018-12-01 09:30:16', 0, NULL),
(2301, '2018-11-04', '2018-12-01 09:30:16', 0, NULL),
(2302, '2018-11-04', '2018-12-01 09:30:16', 0, NULL),
(2303, '2018-11-04', '2018-12-01 09:30:16', 0, NULL),
(2304, '2018-11-05', '2018-12-01 09:30:16', 0, NULL),
(2305, '2018-11-05', '2018-12-01 09:30:16', 0, NULL),
(2306, '2018-11-05', '2018-12-01 09:30:16', 0, NULL),
(2307, '2018-11-05', '2018-12-01 09:30:16', 0, NULL),
(2308, '2018-11-05', '2018-12-01 09:30:16', 0, NULL),
(2309, '2018-11-05', '2018-12-01 09:30:16', 0, NULL),
(2310, '2018-11-05', '2018-12-01 09:30:16', 0, NULL),
(2311, '2018-11-05', '2018-12-01 09:30:16', 0, NULL),
(2312, '2018-11-05', '2018-12-01 09:30:16', 0, NULL),
(2313, '2018-11-05', '2018-12-01 09:30:16', 0, NULL),
(2314, '2018-11-05', '2018-12-01 09:30:16', 0, NULL),
(2315, '2018-11-05', '2018-12-01 09:30:16', 0, NULL),
(2316, '2018-11-05', '2018-12-01 09:30:16', 0, NULL),
(2317, '2018-11-05', '2018-12-01 09:30:16', 0, NULL),
(2318, '2018-11-05', '2018-12-01 09:30:16', 0, NULL),
(2319, '2018-11-05', '2018-12-01 09:30:16', 0, NULL),
(2320, '2018-11-05', '2018-12-01 09:30:16', 0, NULL),
(2321, '2018-11-05', '2018-12-01 09:30:16', 0, NULL),
(2322, '2018-11-05', '2018-12-01 09:30:16', 0, NULL),
(2323, '2018-11-06', '2018-12-01 09:30:16', 0, NULL),
(2324, '2018-11-06', '2018-12-01 09:30:16', 0, NULL),
(2325, '2018-11-07', '2018-12-01 09:30:16', 0, NULL),
(2326, '2018-11-07', '2018-12-01 09:30:16', 0, NULL),
(2327, '2018-11-07', '2018-12-01 09:30:16', 0, NULL),
(2328, '2018-11-07', '2018-12-01 09:30:16', 0, NULL),
(2329, '2018-11-07', '2018-12-01 09:30:16', 0, NULL),
(2330, '2018-11-07', '2018-12-01 09:30:16', 0, NULL),
(2331, '2018-11-07', '2018-12-01 09:30:16', 0, NULL),
(2332, '2018-11-07', '2018-12-01 09:30:16', 0, NULL),
(2333, '2018-11-08', '2018-12-01 09:30:16', 0, NULL),
(2334, '2018-11-08', '2018-12-01 09:30:16', 0, NULL),
(2335, '2018-11-08', '2018-12-01 09:30:16', 0, NULL),
(2336, '2018-11-08', '2018-12-01 09:30:16', 0, NULL),
(2337, '2018-11-08', '2018-12-01 09:30:16', 0, NULL),
(2338, '2018-11-08', '2018-12-01 09:30:16', 0, NULL),
(2339, '2018-11-08', '2018-12-01 09:30:16', 0, NULL),
(2340, '2018-11-08', '2018-12-01 09:30:16', 0, NULL),
(2341, '2018-11-08', '2018-12-01 09:30:16', 0, NULL),
(2342, '2018-11-08', '2018-12-01 09:30:16', 0, NULL),
(2343, '2018-11-08', '2018-12-01 09:30:16', 0, NULL),
(2344, '2018-11-08', '2018-12-01 09:30:16', 0, NULL),
(2345, '2018-11-08', '2018-12-01 09:30:16', 0, NULL),
(2346, '2018-11-08', '2018-12-01 09:30:16', 0, NULL),
(2347, '2018-11-08', '2018-12-01 09:30:16', 0, NULL),
(2348, '2018-11-08', '2018-12-01 09:30:16', 0, NULL),
(2349, '2018-11-08', '2018-12-01 09:30:16', 0, NULL),
(2350, '2018-11-08', '2018-12-01 09:30:16', 0, NULL),
(2351, '2018-11-08', '2018-12-01 09:30:16', 0, NULL),
(2352, '2018-11-08', '2018-12-01 09:30:16', 0, NULL),
(2353, '2018-11-08', '2018-12-01 09:30:16', 0, NULL),
(2354, '2018-11-09', '2018-12-01 09:30:16', 0, NULL),
(2355, '2018-11-09', '2018-12-01 09:30:16', 0, NULL),
(2356, '2018-11-10', '2018-12-01 09:30:16', 0, NULL),
(2357, '2018-11-10', '2018-12-01 09:30:16', 0, NULL),
(2358, '2018-11-10', '2018-12-01 09:30:16', 0, NULL),
(2359, '2018-11-10', '2018-12-01 09:30:16', 0, NULL),
(2360, '2018-11-10', '2018-12-01 09:30:16', 0, NULL),
(2361, '2018-11-10', '2018-12-01 09:30:16', 0, NULL),
(2362, '2018-11-11', '2018-12-01 09:30:16', 0, NULL),
(2363, '2018-11-11', '2018-12-01 09:30:16', 0, NULL),
(2364, '2018-11-11', '2018-12-01 09:30:16', 0, NULL),
(2365, '2018-11-11', '2018-12-01 09:30:16', 0, NULL),
(2366, '2018-11-11', '2018-12-01 09:30:16', 0, NULL),
(2367, '2018-11-11', '2018-12-01 09:30:16', 0, NULL),
(2368, '2018-11-11', '2018-12-01 09:30:16', 0, NULL),
(2369, '2018-11-11', '2018-12-01 09:30:16', 0, NULL),
(2370, '2018-11-11', '2018-12-01 09:30:16', 0, NULL),
(2371, '2018-11-11', '2018-12-01 09:30:16', 0, NULL),
(2372, '2018-11-11', '2018-12-01 09:30:16', 0, NULL),
(2373, '2018-11-11', '2018-12-01 09:30:16', 0, NULL),
(2374, '2018-11-11', '2018-12-01 09:30:16', 0, NULL),
(2375, '2018-11-11', '2018-12-01 09:30:16', 0, NULL),
(2376, '2018-11-12', '2018-12-01 09:30:16', 0, NULL),
(2377, '2018-11-12', '2018-12-01 09:30:16', 0, NULL),
(2378, '2018-11-12', '2018-12-01 09:30:16', 0, NULL),
(2379, '2018-11-12', '2018-12-01 09:30:16', 0, NULL),
(2380, '2018-11-12', '2018-12-01 09:30:16', 0, NULL),
(2381, '2018-11-12', '2018-12-01 09:30:16', 0, NULL),
(2382, '2018-11-12', '2018-12-01 09:30:16', 0, NULL),
(2383, '2018-11-12', '2018-12-01 09:30:16', 0, NULL),
(2384, '2018-11-12', '2018-12-01 09:30:16', 0, NULL),
(2385, '2018-11-12', '2018-12-01 09:30:16', 0, NULL),
(2386, '2018-11-13', '2018-12-01 09:30:16', 0, NULL),
(2387, '2018-11-13', '2018-12-01 09:30:16', 0, NULL),
(2388, '2018-11-13', '2018-12-01 09:30:16', 0, NULL),
(2389, '2018-11-13', '2018-12-01 09:30:16', 0, NULL),
(2390, '2018-11-13', '2018-12-01 09:30:16', 0, NULL),
(2391, '2018-11-13', '2018-12-01 09:30:16', 0, NULL),
(2392, '2018-11-13', '2018-12-01 09:30:16', 0, NULL),
(2393, '2018-11-13', '2018-12-01 09:30:16', 0, NULL),
(2394, '2018-11-13', '2018-12-01 09:30:16', 0, NULL),
(2395, '2018-11-13', '2018-12-01 09:30:16', 0, NULL),
(2396, '2018-11-13', '2018-12-01 09:30:16', 0, NULL),
(2397, '2018-11-13', '2018-12-01 09:30:16', 0, NULL),
(2398, '2018-11-13', '2018-12-01 09:30:16', 0, NULL),
(2399, '2018-11-13', '2018-12-01 09:30:16', 0, NULL),
(2400, '2018-11-13', '2018-12-01 09:30:16', 0, NULL),
(2401, '2018-11-14', '2018-12-01 09:30:16', 0, NULL),
(2402, '2018-11-14', '2018-12-01 09:30:16', 0, NULL),
(2403, '2018-11-14', '2018-12-01 09:30:16', 0, NULL),
(2404, '2018-11-14', '2018-12-01 09:30:16', 0, NULL),
(2405, '2018-11-14', '2018-12-01 09:30:16', 0, NULL),
(2406, '2018-11-14', '2018-12-01 09:30:16', 0, NULL),
(2407, '2018-11-14', '2018-12-01 09:30:16', 0, NULL),
(2408, '2018-11-14', '2018-12-01 09:30:16', 0, NULL),
(2409, '2018-11-14', '2018-12-01 09:30:16', 0, NULL),
(2410, '2018-11-14', '2018-12-01 09:30:16', 0, NULL),
(2411, '2018-11-14', '2018-12-01 09:30:16', 0, NULL),
(2412, '2018-11-14', '2018-12-01 09:30:16', 0, NULL),
(2413, '2018-11-14', '2018-12-01 09:30:16', 0, NULL),
(2414, '2018-11-14', '2018-12-01 09:30:16', 0, NULL),
(2415, '2018-11-14', '2018-12-01 09:30:16', 0, NULL),
(2416, '2018-11-14', '2018-12-01 09:30:16', 0, NULL),
(2417, '2018-11-14', '2018-12-01 09:30:16', 0, NULL),
(2418, '2018-11-14', '2018-12-01 09:30:16', 0, NULL),
(2419, '2018-11-14', '2018-12-01 09:30:16', 0, NULL),
(2420, '2018-11-14', '2018-12-01 09:30:16', 0, NULL),
(2421, '2018-11-15', '2018-12-01 09:30:16', 0, NULL),
(2422, '2018-11-15', '2018-12-01 09:30:16', 0, NULL),
(2423, '2018-11-15', '2018-12-01 09:30:16', 0, NULL),
(2424, '2018-11-15', '2018-12-01 09:30:16', 0, NULL),
(2425, '2018-11-15', '2018-12-01 09:30:16', 0, NULL),
(2426, '2018-11-15', '2018-12-01 09:30:16', 0, NULL),
(2427, '2018-11-15', '2018-12-01 09:30:16', 0, NULL),
(2428, '2018-11-15', '2018-12-01 09:30:16', 0, NULL),
(2429, '2018-11-15', '2018-12-01 09:30:16', 0, NULL),
(2430, '2018-11-15', '2018-12-01 09:30:16', 0, NULL),
(2431, '2018-11-15', '2018-12-01 09:30:16', 0, NULL),
(2432, '2018-11-15', '2018-12-01 09:30:16', 0, NULL),
(2433, '2018-11-15', '2018-12-01 09:30:16', 0, NULL),
(2434, '2018-11-15', '2018-12-01 09:30:16', 0, NULL),
(2435, '2018-11-15', '2018-12-01 09:30:16', 0, NULL),
(2436, '2018-11-15', '2018-12-01 09:30:16', 0, NULL),
(2437, '2018-11-15', '2018-12-01 09:30:16', 0, NULL),
(2438, '2018-11-15', '2018-12-01 09:30:16', 0, NULL),
(2439, '2018-11-15', '2018-12-01 09:30:16', 0, NULL),
(2440, '2018-11-15', '2018-12-01 09:30:16', 0, NULL),
(2441, '2018-11-16', '2018-12-01 09:30:16', 0, NULL),
(2442, '2018-11-16', '2018-12-01 09:30:16', 0, NULL),
(2443, '2018-11-16', '2018-12-01 09:30:16', 0, NULL),
(2444, '2018-11-16', '2018-12-01 09:30:16', 0, NULL),
(2445, '2018-11-16', '2018-12-01 09:30:16', 0, NULL),
(2446, '2018-11-16', '2018-12-01 09:30:16', 0, NULL),
(2447, '2018-12-01', '2018-12-01 10:45:16', 0, NULL),
(2448, '2018-12-02', '2018-12-02 12:21:31', 0, NULL),
(2449, '2018-12-02', '2018-12-02 12:22:13', 0, NULL),
(2450, '2018-12-02', '2018-12-02 12:24:00', 0, NULL),
(2451, '2018-12-09', '2018-12-09 13:12:00', 0, NULL),
(2452, '2018-12-09', '2018-12-09 13:13:47', 0, NULL),
(2453, '2018-12-09', '2018-12-09 13:20:48', 0, NULL),
(2454, '2018-12-09', '2018-12-09 13:21:35', 0, NULL),
(2455, '2018-12-09', '2018-12-09 13:23:10', 0, NULL),
(2456, '2018-12-09', '2018-12-09 13:25:37', 0, NULL),
(2457, '2018-12-09', '2018-12-09 13:25:48', 0, NULL),
(2458, '2018-12-09', '2018-12-09 13:27:05', 0, NULL),
(2459, '2018-12-09', '2018-12-09 13:53:19', 0, NULL);

-- --------------------------------------------------------

--
-- Table structure for table `money_transfer`
--

DROP TABLE IF EXISTS `money_transfer`;
CREATE TABLE IF NOT EXISTS `money_transfer` (
  `id` int(10) UNSIGNED NOT NULL AUTO_INCREMENT,
  `category_id` int(10) UNSIGNED NOT NULL,
  `wallet_id` int(10) UNSIGNED NOT NULL,
  `title` varchar(255) NOT NULL,
  `description` text,
  `value` decimal(8,2) UNSIGNED NOT NULL,
  `added_at` datetime NOT NULL,
  `deleted` tinyint(1) UNSIGNED NOT NULL DEFAULT '0',
  `deleted_at` datetime DEFAULT NULL,
  PRIMARY KEY (`id`),
  KEY `kk_cat` (`category_id`),
  KEY `kk_wallet` (`wallet_id`)
) ENGINE=InnoDB AUTO_INCREMENT=23 DEFAULT CHARSET=utf8;

--
-- Dumping data for table `money_transfer`
--

INSERT INTO `money_transfer` (`id`, `category_id`, `wallet_id`, `title`, `description`, `value`, `added_at`, `deleted`, `deleted_at`) VALUES
(3, 1, 1, 'teszt', 'test', '150.00', '2018-11-24 13:40:02', 0, NULL),
(4, 1, 2, 'test', 'test', '500.00', '2018-11-24 16:30:05', 0, NULL),
(5, 1, 2, 'test', 'test', '500.00', '2018-11-24 16:30:05', 0, '2018-11-25 17:38:43'),
(6, 2, 1, 'Havi fizets', 'YUUPPPYYYY :D', '70000.00', '2018-11-25 09:33:10', 0, NULL),
(7, 2, 2, 'Havi fizets', 'Kirly :D 2', '200000.00', '2018-11-25 09:35:24', 0, '2018-11-25 10:01:36'),
(10, 2, 2, 'asdas', '', '1231.00', '2018-11-25 09:39:37', 0, NULL),
(11, 2, 2, 'asdas', '', '1231.00', '2018-11-25 09:40:02', 0, NULL),
(12, 2, 2, 'asdas', '', '1231.00', '2018-11-25 09:40:52', 0, '2018-11-25 10:02:07'),
(13, 2, 1, 'asdas', '', '123.00', '2018-11-25 09:41:22', 0, NULL),
(14, 2, 1, 'asdasdasdasdasd', 'asd', '123.00', '2018-11-25 09:49:06', 0, '2018-11-25 10:02:23'),
(15, 1, 1, 'test', '0', '1236.00', '2018-11-25 09:52:34', 0, '2018-11-25 17:39:38'),
(16, 1, 3, 'test', 'test', '1500.00', '2018-11-25 14:46:36', 0, '2018-11-25 17:38:33'),
(17, 2, 2, 'asd', 'asd', '123.00', '2018-11-25 15:38:02', 0, NULL),
(18, 2, 2, 'most', 'most', '1.00', '2018-12-01 13:18:40', 0, NULL),
(19, 3, 2, 'yx', '', '1500.00', '2018-12-02 12:37:41', 0, NULL),
(20, 4, 1, 'adasd', '', '2000.00', '2018-12-02 12:37:53', 0, '2018-12-09 13:50:06'),
(21, 2, 3, 'Fizu', '', '1500.00', '2018-12-02 13:22:06', 0, NULL),
(22, 4, 3, 'asdasd', '', '20000.00', '2018-12-02 13:26:20', 0, '2018-12-09 13:43:25');

-- --------------------------------------------------------

--
-- Table structure for table `transfer_category`
--

DROP TABLE IF EXISTS `transfer_category`;
CREATE TABLE IF NOT EXISTS `transfer_category` (
  `id` int(10) UNSIGNED NOT NULL AUTO_INCREMENT,
  `user_id` int(10) UNSIGNED NOT NULL,
  `title` varchar(255) NOT NULL,
  `description` varchar(255) DEFAULT NULL,
  `type` tinyint(1) UNSIGNED NOT NULL COMMENT '1 - income, 2 - spending',
  `added_at` datetime NOT NULL,
  `deleted` tinyint(1) UNSIGNED NOT NULL DEFAULT '0',
  `deleted_at` datetime DEFAULT NULL,
  PRIMARY KEY (`id`),
  KEY `kk_user` (`user_id`)
) ENGINE=InnoDB AUTO_INCREMENT=5 DEFAULT CHARSET=utf8;

--
-- Dumping data for table `transfer_category`
--

INSERT INTO `transfer_category` (`id`, `user_id`, `title`, `description`, `type`, `added_at`, `deleted`, `deleted_at`) VALUES
(1, 1, 'test', 'test', 1, '2018-11-24 13:22:55', 0, '2018-11-25 17:40:40'),
(2, 1, 'Fizets', 'Havi 1x', 1, '2018-11-24 17:44:02', 0, NULL),
(3, 1, 'LOL', 'LOL', 2, '2018-11-25 17:03:25', 0, NULL),
(4, 1, 'cucc', 'cucc', 2, '2018-11-25 16:53:30', 0, '2018-12-09 13:47:25');

-- --------------------------------------------------------

--
-- Table structure for table `users`
--

DROP TABLE IF EXISTS `users`;
CREATE TABLE IF NOT EXISTS `users` (
  `id` int(10) UNSIGNED NOT NULL AUTO_INCREMENT,
  `first_name` varchar(255) NOT NULL,
  `last_name` varchar(255) NOT NULL,
  `email` varchar(255) NOT NULL,
  `password` varchar(255) NOT NULL,
  `gender` tinyint(1) UNSIGNED DEFAULT NULL,
  `phone` varchar(255) NOT NULL,
  `mobile` varchar(255) NOT NULL,
  `status_code` varchar(255) NOT NULL,
  `reg_date` datetime NOT NULL,
  `deleted` tinyint(1) UNSIGNED NOT NULL DEFAULT '0',
  `deleted_at` datetime DEFAULT NULL,
  PRIMARY KEY (`id`)
) ENGINE=InnoDB AUTO_INCREMENT=5 DEFAULT CHARSET=utf8;

--
-- Dumping data for table `users`
--

INSERT INTO `users` (`id`, `first_name`, `last_name`, `email`, `password`, `gender`, `phone`, `mobile`, `status_code`, `reg_date`, `deleted`, `deleted_at`) VALUES
(1, 'Roland', 'Kucora', 'kucora.roland.96@gmail.com', '1b973dbed0a8ecd5bb227d1bcbf1af0a', 1, '123123', '123123', '91eb496ac5a8b59c08630a2529a2c3a4', '2018-11-24 11:49:46', 0, NULL),
(2, 'Teszt', 'Teszt', 'test@gmail.com', '1b973dbed0a8ecd5bb227d1bcbf1af0a', NULL, '', '', '91eb496ac5a8b59c08630a2529a2c3a4', '2018-11-24 11:49:46', 0, NULL),
(3, 'asd', 'asd', 'asdasd@gmail.com', '7a1f66c2f0513591631417dabe413e33', 1, '', '', '', '2018-12-01 15:21:44', 0, NULL),
(4, 'asdasdss', 'asdasdasdsd', 'asdasd@gmail.com', '1b973dbed0a8ecd5bb227d1bcbf1af0a', 2, '123123', '12312312312', '', '2018-12-01 15:22:19', 1, '2018-12-02 12:17:26');

-- --------------------------------------------------------

--
-- Table structure for table `wallets`
--

DROP TABLE IF EXISTS `wallets`;
CREATE TABLE IF NOT EXISTS `wallets` (
  `id` int(10) UNSIGNED NOT NULL AUTO_INCREMENT,
  `title` varchar(255) NOT NULL,
  `currency` varchar(255) NOT NULL,
  `added_at` datetime NOT NULL,
  `deleted` tinyint(1) UNSIGNED NOT NULL DEFAULT '0',
  `deleted_at` datetime DEFAULT NULL,
  PRIMARY KEY (`id`)
) ENGINE=InnoDB AUTO_INCREMENT=4 DEFAULT CHARSET=utf8;

--
-- Dumping data for table `wallets`
--

INSERT INTO `wallets` (`id`, `title`, `currency`, `added_at`, `deleted`, `deleted_at`) VALUES
(1, 'Serbian wallet', 'RSD', '2018-11-24 13:39:47', 0, '2018-11-25 17:40:27'),
(2, 'Hungarian wallet', 'HUF', '2018-11-24 13:51:06', 0, NULL),
(3, 'Global', 'EUR', '2018-11-25 14:45:44', 0, '2018-12-09 13:44:38');

--
-- Constraints for dumped tables
--

--
-- Constraints for table `admin`
--
ALTER TABLE `admin`
  ADD CONSTRAINT `kk_admin` FOREIGN KEY (`user_id`) REFERENCES `users` (`id`) ON DELETE CASCADE ON UPDATE CASCADE;

--
-- Constraints for table `money_transfer`
--
ALTER TABLE `money_transfer`
  ADD CONSTRAINT `kk_cat` FOREIGN KEY (`category_id`) REFERENCES `transfer_category` (`id`) ON DELETE CASCADE ON UPDATE CASCADE,
  ADD CONSTRAINT `kk_wallet` FOREIGN KEY (`wallet_id`) REFERENCES `wallets` (`id`) ON DELETE CASCADE ON UPDATE CASCADE;

--
-- Constraints for table `transfer_category`
--
ALTER TABLE `transfer_category`
  ADD CONSTRAINT `kk_user` FOREIGN KEY (`user_id`) REFERENCES `users` (`id`) ON DELETE CASCADE ON UPDATE CASCADE;
COMMIT;

/*!40101 SET CHARACTER_SET_CLIENT=@OLD_CHARACTER_SET_CLIENT */;
/*!40101 SET CHARACTER_SET_RESULTS=@OLD_CHARACTER_SET_RESULTS */;
/*!40101 SET COLLATION_CONNECTION=@OLD_COLLATION_CONNECTION */;
